level_id,unit_id
09b0e478-3ecc-4bde-b383-40e8e2c5889d,9e3c8d13-fa68-41ad-8592-a8ad7069365b
09b0e478-3ecc-4bde-b383-40e8e2c5889d,2689ea8a-374e-4469-9931-768496185a90
09b0e478-3ecc-4bde-b383-40e8e2c5889d,49f47ebc-23ec-4af9-866a-40d3b141f568
09b0e478-3ecc-4bde-b383-40e8e2c5889d,b4fe615d-2f9d-4d52-9a71-908d6e1176e9
09b0e478-3ecc-4bde-b383-40e8e2c5889d,bb964089-d07b-47ab-8a41-9d9c73afd501
09b0e478-3ecc-4bde-b383-40e8e2c5889d,8ef0d0d6-e9c5-4085-b995-c44c7b02c1a6
09b0e478-3ecc-4bde-b383-40e8e2c5889d,5c19dd85-3939-475e-a7ba-a5cb5bd65a72
09b0e478-3ecc-4bde-b383-40e8e2c5889d,cbedc358-d8b0-43a7-9e11-1ee5d658028a
09b0e478-3ecc-4bde-b383-40e8e2c5889d,016b5fc6-302a-48d9-a100-c10d129a9bd6
09b0e478-3ecc-4bde-b383-40e8e2c5889d,01e1d984-bfd7-468f-9994-62b68fd6f713
09b0e478-3ecc-4bde-b383-40e8e2c5889d,0b79916d-be97-4622-ad73-bcc6d5f94f91
09b0e478-3ecc-4bde-b383-40e8e2c5889d,1756504b-fd74-4292-b5ec-1c909e939f15
09b0e478-3ecc-4bde-b383-40e8e2c5889d,4de4b472-b0a0-4213-92b1-b67778a0997c
09b0e478-3ecc-4bde-b383-40e8e2c5889d,8ba36945-846d-4b08-9594-9d0e4f68d354
09b0e478-3ecc-4bde-b383-40e8e2c5889d,14a89bf0-34fe-429f-850f-0b6e91d23c46
09b0e478-3ecc-4bde-b383-40e8e2c5889d,742ec7c8-f5bc-4b97-8283-cac69ab55d3d
09b0e478-3ecc-4bde-b383-40e8e2c5889d,303dcce6-68a4-4c1c-a65c-c6909aaedcd3
09b0e478-3ecc-4bde-b383-40e8e2c5889d,1f7c9051-d181-4432-bae3-38c7b9ae0b64
09b0e478-3ecc-4bde-b383-40e8e2c5889d,40f72d82-17fa-403f-8ec4-e53f9d15e88e
09b0e478-3ecc-4bde-b383-40e8e2c5889d,1d003152-34bd-4bd7-bc10-b52e830be372
09b0e478-3ecc-4bde-b383-40e8e2c5889d,98af927f-57dc-4195-8c69-09cb52cd6aaf
09b0e478-3ecc-4bde-b383-40e8e2c5889d,51541dde-83f1-4a8b-b667-093fa1477104
09b0e478-3ecc-4bde-b383-40e8e2c5889d,db49451c-20e4-4432-90a7-6e9fc5cbe251
09b0e478-3ecc-4bde-b383-40e8e2c5889d,457d6001-80a6-42d7-b490-cca168f074e0
09b0e478-3ecc-4bde-b383-40e8e2c5889d,927fd968-be12-425f-aae3-ecc4506fdbc3
09b0e478-3ecc-4bde-b383-40e8e2c5889d,bf433f89-3e21-4668-bc10-7ecb96b6c657
09b0e478-3ecc-4bde-b383-40e8e2c5889d,6a01856d-7a35-4244-bdea-51dac03815f9
09b0e478-3ecc-4bde-b383-40e8e2c5889d,6c11d8ae-0673-4139-8796-7bf7450830e1
09b0e478-3ecc-4bde-b383-40e8e2c5889d,9c4379cd-bdb9-4f2f-82bc-f8e17a45a20c
09b0e478-3ecc-4bde-b383-40e8e2c5889d,f18ecd97-8b18-4277-b525-8a5987a3c14d
09b0e478-3ecc-4bde-b383-40e8e2c5889d,d680efb1-8629-4365-ae06-4c0fc9dea252
09b0e478-3ecc-4bde-b383-40e8e2c5889d,087f9134-e674-4391-9704-bdb85151e9ef
09b0e478-3ecc-4bde-b383-40e8e2c5889d,bf418248-e6bb-4966-a3c9-54ebcaf436b2
09b0e478-3ecc-4bde-b383-40e8e2c5889d,96137e87-0fc5-4351-b3c1-fc2a0a45bc08
09b0e478-3ecc-4bde-b383-40e8e2c5889d,26964457-a93a-4289-848b-6455cf2917e6
09b0e478-3ecc-4bde-b383-40e8e2c5889d,5c81cef8-44de-4b4f-b2bb-4cae94676f97
09b0e478-3ecc-4bde-b383-40e8e2c5889d,e9c74512-0244-42cf-b307-1819cbdf5eb6
09b0e478-3ecc-4bde-b383-40e8e2c5889d,ab93700a-d791-4ef0-934e-584176cb84e6
09b0e478-3ecc-4bde-b383-40e8e2c5889d,f9d329ed-7a9f-4300-8311-8a1b73c8cc2b
09b0e478-3ecc-4bde-b383-40e8e2c5889d,ef842685-490b-4701-9e3a-99b88c86244c
09b0e478-3ecc-4bde-b383-40e8e2c5889d,0f3d9061-ac4e-4bbd-83e9-3bd40e0991b1
09b0e478-3ecc-4bde-b383-40e8e2c5889d,0f0a90d0-1900-4d57-b4c3-961eeda62c55
09b0e478-3ecc-4bde-b383-40e8e2c5889d,af40f65b-07f1-4b93-b32f-6f6b87fefe73
09b0e478-3ecc-4bde-b383-40e8e2c5889d,e06b6dfe-5818-4ab8-bf7f-c78481e81275
09b0e478-3ecc-4bde-b383-40e8e2c5889d,0bd66021-1dbb-4d48-9839-686119f3299a
09b0e478-3ecc-4bde-b383-40e8e2c5889d,30f6fce8-15c3-4595-b430-efc2be7a8b45
09b0e478-3ecc-4bde-b383-40e8e2c5889d,c04d2b27-c9c1-4022-8d86-ed8927c69dc2
09b0e478-3ecc-4bde-b383-40e8e2c5889d,41bd322d-33e0-4417-a016-979e1c6eb034
09b0e478-3ecc-4bde-b383-40e8e2c5889d,57cce146-43dc-4f6f-b933-6e49b245a8b4
09b0e478-3ecc-4bde-b383-40e8e2c5889d,b4609f02-bd6c-4af6-bf35-b54b8959f08e
1eab7383-caca-4162-b641-8335b538222b,9e3c8d13-fa68-41ad-8592-a8ad7069365b
1eab7383-caca-4162-b641-8335b538222b,2689ea8a-374e-4469-9931-768496185a90
1eab7383-caca-4162-b641-8335b538222b,49f47ebc-23ec-4af9-866a-40d3b141f568
1eab7383-caca-4162-b641-8335b538222b,b4fe615d-2f9d-4d52-9a71-908d6e1176e9
1eab7383-caca-4162-b641-8335b538222b,bb964089-d07b-47ab-8a41-9d9c73afd501
1eab7383-caca-4162-b641-8335b538222b,8ef0d0d6-e9c5-4085-b995-c44c7b02c1a6
1eab7383-caca-4162-b641-8335b538222b,5c19dd85-3939-475e-a7ba-a5cb5bd65a72
1eab7383-caca-4162-b641-8335b538222b,cbedc358-d8b0-43a7-9e11-1ee5d658028a
1eab7383-caca-4162-b641-8335b538222b,016b5fc6-302a-48d9-a100-c10d129a9bd6
1eab7383-caca-4162-b641-8335b538222b,01e1d984-bfd7-468f-9994-62b68fd6f713
1eab7383-caca-4162-b641-8335b538222b,0b79916d-be97-4622-ad73-bcc6d5f94f91
1eab7383-caca-4162-b641-8335b538222b,1756504b-fd74-4292-b5ec-1c909e939f15
1eab7383-caca-4162-b641-8335b538222b,4de4b472-b0a0-4213-92b1-b67778a0997c
1eab7383-caca-4162-b641-8335b538222b,8ba36945-846d-4b08-9594-9d0e4f68d354
1eab7383-caca-4162-b641-8335b538222b,14a89bf0-34fe-429f-850f-0b6e91d23c46
1eab7383-caca-4162-b641-8335b538222b,742ec7c8-f5bc-4b97-8283-cac69ab55d3d
1eab7383-caca-4162-b641-8335b538222b,303dcce6-68a4-4c1c-a65c-c6909aaedcd3
1eab7383-caca-4162-b641-8335b538222b,1f7c9051-d181-4432-bae3-38c7b9ae0b64
1eab7383-caca-4162-b641-8335b538222b,40f72d82-17fa-403f-8ec4-e53f9d15e88e
1eab7383-caca-4162-b641-8335b538222b,1d003152-34bd-4bd7-bc10-b52e830be372
1eab7383-caca-4162-b641-8335b538222b,98af927f-57dc-4195-8c69-09cb52cd6aaf
1eab7383-caca-4162-b641-8335b538222b,51541dde-83f1-4a8b-b667-093fa1477104
1eab7383-caca-4162-b641-8335b538222b,db49451c-20e4-4432-90a7-6e9fc5cbe251
1eab7383-caca-4162-b641-8335b538222b,457d6001-80a6-42d7-b490-cca168f074e0
1eab7383-caca-4162-b641-8335b538222b,927fd968-be12-425f-aae3-ecc4506fdbc3
1eab7383-caca-4162-b641-8335b538222b,bf433f89-3e21-4668-bc10-7ecb96b6c657
1eab7383-caca-4162-b641-8335b538222b,6a01856d-7a35-4244-bdea-51dac03815f9
1eab7383-caca-4162-b641-8335b538222b,6c11d8ae-0673-4139-8796-7bf7450830e1
1eab7383-caca-4162-b641-8335b538222b,9c4379cd-bdb9-4f2f-82bc-f8e17a45a20c
1eab7383-caca-4162-b641-8335b538222b,f18ecd97-8b18-4277-b525-8a5987a3c14d
1eab7383-caca-4162-b641-8335b538222b,d680efb1-8629-4365-ae06-4c0fc9dea252
1eab7383-caca-4162-b641-8335b538222b,087f9134-e674-4391-9704-bdb85151e9ef
1eab7383-caca-4162-b641-8335b538222b,bf418248-e6bb-4966-a3c9-54ebcaf436b2
1eab7383-caca-4162-b641-8335b538222b,96137e87-0fc5-4351-b3c1-fc2a0a45bc08
1eab7383-caca-4162-b641-8335b538222b,26964457-a93a-4289-848b-6455cf2917e6
1eab7383-caca-4162-b641-8335b538222b,5c81cef8-44de-4b4f-b2bb-4cae94676f97
1eab7383-caca-4162-b641-8335b538222b,e9c74512-0244-42cf-b307-1819cbdf5eb6
1eab7383-caca-4162-b641-8335b538222b,ab93700a-d791-4ef0-934e-584176cb84e6
1eab7383-caca-4162-b641-8335b538222b,f9d329ed-7a9f-4300-8311-8a1b73c8cc2b
1eab7383-caca-4162-b641-8335b538222b,ef842685-490b-4701-9e3a-99b88c86244c
1eab7383-caca-4162-b641-8335b538222b,0f3d9061-ac4e-4bbd-83e9-3bd40e0991b1
1eab7383-caca-4162-b641-8335b538222b,0f0a90d0-1900-4d57-b4c3-961eeda62c55
1eab7383-caca-4162-b641-8335b538222b,af40f65b-07f1-4b93-b32f-6f6b87fefe73
1eab7383-caca-4162-b641-8335b538222b,e06b6dfe-5818-4ab8-bf7f-c78481e81275
1eab7383-caca-4162-b641-8335b538222b,0bd66021-1dbb-4d48-9839-686119f3299a
1eab7383-caca-4162-b641-8335b538222b,30f6fce8-15c3-4595-b430-efc2be7a8b45
1eab7383-caca-4162-b641-8335b538222b,c04d2b27-c9c1-4022-8d86-ed8927c69dc2
1eab7383-caca-4162-b641-8335b538222b,41bd322d-33e0-4417-a016-979e1c6eb034
1eab7383-caca-4162-b641-8335b538222b,57cce146-43dc-4f6f-b933-6e49b245a8b4
1eab7383-caca-4162-b641-8335b538222b,b4609f02-bd6c-4af6-bf35-b54b8959f08e
62c9c4c1-9b78-4743-b600-f62fa106f875,9e3c8d13-fa68-41ad-8592-a8ad7069365b
62c9c4c1-9b78-4743-b600-f62fa106f875,2689ea8a-374e-4469-9931-768496185a90
62c9c4c1-9b78-4743-b600-f62fa106f875,49f47ebc-23ec-4af9-866a-40d3b141f568
62c9c4c1-9b78-4743-b600-f62fa106f875,b4fe615d-2f9d-4d52-9a71-908d6e1176e9
62c9c4c1-9b78-4743-b600-f62fa106f875,bb964089-d07b-47ab-8a41-9d9c73afd501
62c9c4c1-9b78-4743-b600-f62fa106f875,8ef0d0d6-e9c5-4085-b995-c44c7b02c1a6
62c9c4c1-9b78-4743-b600-f62fa106f875,5c19dd85-3939-475e-a7ba-a5cb5bd65a72
62c9c4c1-9b78-4743-b600-f62fa106f875,cbedc358-d8b0-43a7-9e11-1ee5d658028a
62c9c4c1-9b78-4743-b600-f62fa106f875,016b5fc6-302a-48d9-a100-c10d129a9bd6
62c9c4c1-9b78-4743-b600-f62fa106f875,01e1d984-bfd7-468f-9994-62b68fd6f713
62c9c4c1-9b78-4743-b600-f62fa106f875,0b79916d-be97-4622-ad73-bcc6d5f94f91
62c9c4c1-9b78-4743-b600-f62fa106f875,1756504b-fd74-4292-b5ec-1c909e939f15
62c9c4c1-9b78-4743-b600-f62fa106f875,4de4b472-b0a0-4213-92b1-b67778a0997c
62c9c4c1-9b78-4743-b600-f62fa106f875,8ba36945-846d-4b08-9594-9d0e4f68d354
62c9c4c1-9b78-4743-b600-f62fa106f875,14a89bf0-34fe-429f-850f-0b6e91d23c46
62c9c4c1-9b78-4743-b600-f62fa106f875,742ec7c8-f5bc-4b97-8283-cac69ab55d3d
62c9c4c1-9b78-4743-b600-f62fa106f875,303dcce6-68a4-4c1c-a65c-c6909aaedcd3
62c9c4c1-9b78-4743-b600-f62fa106f875,1f7c9051-d181-4432-bae3-38c7b9ae0b64
62c9c4c1-9b78-4743-b600-f62fa106f875,40f72d82-17fa-403f-8ec4-e53f9d15e88e
62c9c4c1-9b78-4743-b600-f62fa106f875,1d003152-34bd-4bd7-bc10-b52e830be372
62c9c4c1-9b78-4743-b600-f62fa106f875,98af927f-57dc-4195-8c69-09cb52cd6aaf
62c9c4c1-9b78-4743-b600-f62fa106f875,51541dde-83f1-4a8b-b667-093fa1477104
62c9c4c1-9b78-4743-b600-f62fa106f875,db49451c-20e4-4432-90a7-6e9fc5cbe251
62c9c4c1-9b78-4743-b600-f62fa106f875,457d6001-80a6-42d7-b490-cca168f074e0
62c9c4c1-9b78-4743-b600-f62fa106f875,927fd968-be12-425f-aae3-ecc4506fdbc3
62c9c4c1-9b78-4743-b600-f62fa106f875,bf433f89-3e21-4668-bc10-7ecb96b6c657
62c9c4c1-9b78-4743-b600-f62fa106f875,6a01856d-7a35-4244-bdea-51dac03815f9
62c9c4c1-9b78-4743-b600-f62fa106f875,6c11d8ae-0673-4139-8796-7bf7450830e1
62c9c4c1-9b78-4743-b600-f62fa106f875,9c4379cd-bdb9-4f2f-82bc-f8e17a45a20c
62c9c4c1-9b78-4743-b600-f62fa106f875,f18ecd97-8b18-4277-b525-8a5987a3c14d
62c9c4c1-9b78-4743-b600-f62fa106f875,d680efb1-8629-4365-ae06-4c0fc9dea252
62c9c4c1-9b78-4743-b600-f62fa106f875,087f9134-e674-4391-9704-bdb85151e9ef
62c9c4c1-9b78-4743-b600-f62fa106f875,bf418248-e6bb-4966-a3c9-54ebcaf436b2
62c9c4c1-9b78-4743-b600-f62fa106f875,96137e87-0fc5-4351-b3c1-fc2a0a45bc08
62c9c4c1-9b78-4743-b600-f62fa106f875,26964457-a93a-4289-848b-6455cf2917e6
62c9c4c1-9b78-4743-b600-f62fa106f875,5c81cef8-44de-4b4f-b2bb-4cae94676f97
62c9c4c1-9b78-4743-b600-f62fa106f875,e9c74512-0244-42cf-b307-1819cbdf5eb6
62c9c4c1-9b78-4743-b600-f62fa106f875,ab93700a-d791-4ef0-934e-584176cb84e6
62c9c4c1-9b78-4743-b600-f62fa106f875,f9d329ed-7a9f-4300-8311-8a1b73c8cc2b
62c9c4c1-9b78-4743-b600-f62fa106f875,ef842685-490b-4701-9e3a-99b88c86244c
62c9c4c1-9b78-4743-b600-f62fa106f875,0f3d9061-ac4e-4bbd-83e9-3bd40e0991b1
62c9c4c1-9b78-4743-b600-f62fa106f875,0f0a90d0-1900-4d57-b4c3-961eeda62c55
62c9c4c1-9b78-4743-b600-f62fa106f875,af40f65b-07f1-4b93-b32f-6f6b87fefe73
62c9c4c1-9b78-4743-b600-f62fa106f875,e06b6dfe-5818-4ab8-bf7f-c78481e81275
62c9c4c1-9b78-4743-b600-f62fa106f875,0bd66021-1dbb-4d48-9839-686119f3299a
62c9c4c1-9b78-4743-b600-f62fa106f875,30f6fce8-15c3-4595-b430-efc2be7a8b45
62c9c4c1-9b78-4743-b600-f62fa106f875,c04d2b27-c9c1-4022-8d86-ed8927c69dc2
62c9c4c1-9b78-4743-b600-f62fa106f875,41bd322d-33e0-4417-a016-979e1c6eb034
62c9c4c1-9b78-4743-b600-f62fa106f875,57cce146-43dc-4f6f-b933-6e49b245a8b4
62c9c4c1-9b78-4743-b600-f62fa106f875,b4609f02-bd6c-4af6-bf35-b54b8959f08e
7b715ba5-c181-45f5-92c7-f670338b4939,9e3c8d13-fa68-41ad-8592-a8ad7069365b
7b715ba5-c181-45f5-92c7-f670338b4939,2689ea8a-374e-4469-9931-768496185a90
7b715ba5-c181-45f5-92c7-f670338b4939,49f47ebc-23ec-4af9-866a-40d3b141f568
7b715ba5-c181-45f5-92c7-f670338b4939,b4fe615d-2f9d-4d52-9a71-908d6e1176e9
7b715ba5-c181-45f5-92c7-f670338b4939,bb964089-d07b-47ab-8a41-9d9c73afd501
7b715ba5-c181-45f5-92c7-f670338b4939,8ef0d0d6-e9c5-4085-b995-c44c7b02c1a6
7b715ba5-c181-45f5-92c7-f670338b4939,5c19dd85-3939-475e-a7ba-a5cb5bd65a72
7b715ba5-c181-45f5-92c7-f670338b4939,cbedc358-d8b0-43a7-9e11-1ee5d658028a
7b715ba5-c181-45f5-92c7-f670338b4939,016b5fc6-302a-48d9-a100-c10d129a9bd6
7b715ba5-c181-45f5-92c7-f670338b4939,01e1d984-bfd7-468f-9994-62b68fd6f713
7b715ba5-c181-45f5-92c7-f670338b4939,0b79916d-be97-4622-ad73-bcc6d5f94f91
7b715ba5-c181-45f5-92c7-f670338b4939,1756504b-fd74-4292-b5ec-1c909e939f15
7b715ba5-c181-45f5-92c7-f670338b4939,4de4b472-b0a0-4213-92b1-b67778a0997c
7b715ba5-c181-45f5-92c7-f670338b4939,8ba36945-846d-4b08-9594-9d0e4f68d354
7b715ba5-c181-45f5-92c7-f670338b4939,14a89bf0-34fe-429f-850f-0b6e91d23c46
7b715ba5-c181-45f5-92c7-f670338b4939,742ec7c8-f5bc-4b97-8283-cac69ab55d3d
7b715ba5-c181-45f5-92c7-f670338b4939,303dcce6-68a4-4c1c-a65c-c6909aaedcd3
7b715ba5-c181-45f5-92c7-f670338b4939,1f7c9051-d181-4432-bae3-38c7b9ae0b64
7b715ba5-c181-45f5-92c7-f670338b4939,40f72d82-17fa-403f-8ec4-e53f9d15e88e
7b715ba5-c181-45f5-92c7-f670338b4939,1d003152-34bd-4bd7-bc10-b52e830be372
7b715ba5-c181-45f5-92c7-f670338b4939,98af927f-57dc-4195-8c69-09cb52cd6aaf
7b715ba5-c181-45f5-92c7-f670338b4939,51541dde-83f1-4a8b-b667-093fa1477104
7b715ba5-c181-45f5-92c7-f670338b4939,db49451c-20e4-4432-90a7-6e9fc5cbe251
7b715ba5-c181-45f5-92c7-f670338b4939,457d6001-80a6-42d7-b490-cca168f074e0
7b715ba5-c181-45f5-92c7-f670338b4939,927fd968-be12-425f-aae3-ecc4506fdbc3
7b715ba5-c181-45f5-92c7-f670338b4939,bf433f89-3e21-4668-bc10-7ecb96b6c657
7b715ba5-c181-45f5-92c7-f670338b4939,6a01856d-7a35-4244-bdea-51dac03815f9
7b715ba5-c181-45f5-92c7-f670338b4939,6c11d8ae-0673-4139-8796-7bf7450830e1
7b715ba5-c181-45f5-92c7-f670338b4939,9c4379cd-bdb9-4f2f-82bc-f8e17a45a20c
7b715ba5-c181-45f5-92c7-f670338b4939,f18ecd97-8b18-4277-b525-8a5987a3c14d
7b715ba5-c181-45f5-92c7-f670338b4939,d680efb1-8629-4365-ae06-4c0fc9dea252
7b715ba5-c181-45f5-92c7-f670338b4939,087f9134-e674-4391-9704-bdb85151e9ef
7b715ba5-c181-45f5-92c7-f670338b4939,bf418248-e6bb-4966-a3c9-54ebcaf436b2
7b715ba5-c181-45f5-92c7-f670338b4939,96137e87-0fc5-4351-b3c1-fc2a0a45bc08
7b715ba5-c181-45f5-92c7-f670338b4939,26964457-a93a-4289-848b-6455cf2917e6
7b715ba5-c181-45f5-92c7-f670338b4939,5c81cef8-44de-4b4f-b2bb-4cae94676f97
7b715ba5-c181-45f5-92c7-f670338b4939,e9c74512-0244-42cf-b307-1819cbdf5eb6
7b715ba5-c181-45f5-92c7-f670338b4939,ab93700a-d791-4ef0-934e-584176cb84e6
7b715ba5-c181-45f5-92c7-f670338b4939,f9d329ed-7a9f-4300-8311-8a1b73c8cc2b
7b715ba5-c181-45f5-92c7-f670338b4939,ef842685-490b-4701-9e3a-99b88c86244c
7b715ba5-c181-45f5-92c7-f670338b4939,0f3d9061-ac4e-4bbd-83e9-3bd40e0991b1
7b715ba5-c181-45f5-92c7-f670338b4939,0f0a90d0-1900-4d57-b4c3-961eeda62c55
7b715ba5-c181-45f5-92c7-f670338b4939,af40f65b-07f1-4b93-b32f-6f6b87fefe73
7b715ba5-c181-45f5-92c7-f670338b4939,e06b6dfe-5818-4ab8-bf7f-c78481e81275
7b715ba5-c181-45f5-92c7-f670338b4939,0bd66021-1dbb-4d48-9839-686119f3299a
7b715ba5-c181-45f5-92c7-f670338b4939,30f6fce8-15c3-4595-b430-efc2be7a8b45
7b715ba5-c181-45f5-92c7-f670338b4939,c04d2b27-c9c1-4022-8d86-ed8927c69dc2
7b715ba5-c181-45f5-92c7-f670338b4939,41bd322d-33e0-4417-a016-979e1c6eb034
7b715ba5-c181-45f5-92c7-f670338b4939,57cce146-43dc-4f6f-b933-6e49b245a8b4
7b715ba5-c181-45f5-92c7-f670338b4939,b4609f02-bd6c-4af6-bf35-b54b8959f08e
90f97324-308c-4041-9261-04503c53f1e5,9e3c8d13-fa68-41ad-8592-a8ad7069365b
90f97324-308c-4041-9261-04503c53f1e5,2689ea8a-374e-4469-9931-768496185a90
90f97324-308c-4041-9261-04503c53f1e5,49f47ebc-23ec-4af9-866a-40d3b141f568
90f97324-308c-4041-9261-04503c53f1e5,b4fe615d-2f9d-4d52-9a71-908d6e1176e9
90f97324-308c-4041-9261-04503c53f1e5,bb964089-d07b-47ab-8a41-9d9c73afd501
90f97324-308c-4041-9261-04503c53f1e5,8ef0d0d6-e9c5-4085-b995-c44c7b02c1a6
90f97324-308c-4041-9261-04503c53f1e5,5c19dd85-3939-475e-a7ba-a5cb5bd65a72
90f97324-308c-4041-9261-04503c53f1e5,cbedc358-d8b0-43a7-9e11-1ee5d658028a
90f97324-308c-4041-9261-04503c53f1e5,016b5fc6-302a-48d9-a100-c10d129a9bd6
90f97324-308c-4041-9261-04503c53f1e5,01e1d984-bfd7-468f-9994-62b68fd6f713
90f97324-308c-4041-9261-04503c53f1e5,0b79916d-be97-4622-ad73-bcc6d5f94f91
90f97324-308c-4041-9261-04503c53f1e5,1756504b-fd74-4292-b5ec-1c909e939f15
90f97324-308c-4041-9261-04503c53f1e5,4de4b472-b0a0-4213-92b1-b67778a0997c
90f97324-308c-4041-9261-04503c53f1e5,8ba36945-846d-4b08-9594-9d0e4f68d354
90f97324-308c-4041-9261-04503c53f1e5,14a89bf0-34fe-429f-850f-0b6e91d23c46
90f97324-308c-4041-9261-04503c53f1e5,742ec7c8-f5bc-4b97-8283-cac69ab55d3d
90f97324-308c-4041-9261-04503c53f1e5,303dcce6-68a4-4c1c-a65c-c6909aaedcd3
90f97324-308c-4041-9261-04503c53f1e5,1f7c9051-d181-4432-bae3-38c7b9ae0b64
90f97324-308c-4041-9261-04503c53f1e5,40f72d82-17fa-403f-8ec4-e53f9d15e88e
90f97324-308c-4041-9261-04503c53f1e5,1d003152-34bd-4bd7-bc10-b52e830be372
90f97324-308c-4041-9261-04503c53f1e5,98af927f-57dc-4195-8c69-09cb52cd6aaf
90f97324-308c-4041-9261-04503c53f1e5,51541dde-83f1-4a8b-b667-093fa1477104
90f97324-308c-4041-9261-04503c53f1e5,db49451c-20e4-4432-90a7-6e9fc5cbe251
90f97324-308c-4041-9261-04503c53f1e5,457d6001-80a6-42d7-b490-cca168f074e0
90f97324-308c-4041-9261-04503c53f1e5,927fd968-be12-425f-aae3-ecc4506fdbc3
90f97324-308c-4041-9261-04503c53f1e5,bf433f89-3e21-4668-bc10-7ecb96b6c657
90f97324-308c-4041-9261-04503c53f1e5,6a01856d-7a35-4244-bdea-51dac03815f9
90f97324-308c-4041-9261-04503c53f1e5,6c11d8ae-0673-4139-8796-7bf7450830e1
90f97324-308c-4041-9261-04503c53f1e5,9c4379cd-bdb9-4f2f-82bc-f8e17a45a20c
90f97324-308c-4041-9261-04503c53f1e5,f18ecd97-8b18-4277-b525-8a5987a3c14d
90f97324-308c-4041-9261-04503c53f1e5,d680efb1-8629-4365-ae06-4c0fc9dea252
90f97324-308c-4041-9261-04503c53f1e5,087f9134-e674-4391-9704-bdb85151e9ef
90f97324-308c-4041-9261-04503c53f1e5,bf418248-e6bb-4966-a3c9-54ebcaf436b2
90f97324-308c-4041-9261-04503c53f1e5,96137e87-0fc5-4351-b3c1-fc2a0a45bc08
90f97324-308c-4041-9261-04503c53f1e5,26964457-a93a-4289-848b-6455cf2917e6
90f97324-308c-4041-9261-04503c53f1e5,5c81cef8-44de-4b4f-b2bb-4cae94676f97
90f97324-308c-4041-9261-04503c53f1e5,e9c74512-0244-42cf-b307-1819cbdf5eb6
90f97324-308c-4041-9261-04503c53f1e5,ab93700a-d791-4ef0-934e-584176cb84e6
90f97324-308c-4041-9261-04503c53f1e5,f9d329ed-7a9f-4300-8311-8a1b73c8cc2b
90f97324-308c-4041-9261-04503c53f1e5,ef842685-490b-4701-9e3a-99b88c86244c
90f97324-308c-4041-9261-04503c53f1e5,0f3d9061-ac4e-4bbd-83e9-3bd40e0991b1
90f97324-308c-4041-9261-04503c53f1e5,0f0a90d0-1900-4d57-b4c3-961eeda62c55
90f97324-308c-4041-9261-04503c53f1e5,af40f65b-07f1-4b93-b32f-6f6b87fefe73
90f97324-308c-4041-9261-04503c53f1e5,e06b6dfe-5818-4ab8-bf7f-c78481e81275
90f97324-308c-4041-9261-04503c53f1e5,0bd66021-1dbb-4d48-9839-686119f3299a
90f97324-308c-4041-9261-04503c53f1e5,30f6fce8-15c3-4595-b430-efc2be7a8b45
90f97324-308c-4041-9261-04503c53f1e5,c04d2b27-c9c1-4022-8d86-ed8927c69dc2
90f97324-308c-4041-9261-04503c53f1e5,41bd322d-33e0-4417-a016-979e1c6eb034
90f97324-308c-4041-9261-04503c53f1e5,57cce146-43dc-4f6f-b933-6e49b245a8b4
90f97324-308c-4041-9261-04503c53f1e5,b4609f02-bd6c-4af6-bf35-b54b8959f08e
a0f98a36-343e-4a6b-93b7-ea25e5d39063,9e3c8d13-fa68-41ad-8592-a8ad7069365b
a0f98a36-343e-4a6b-93b7-ea25e5d39063,2689ea8a-374e-4469-9931-768496185a90
a0f98a36-343e-4a6b-93b7-ea25e5d39063,49f47ebc-23ec-4af9-866a-40d3b141f568
a0f98a36-343e-4a6b-93b7-ea25e5d39063,b4fe615d-2f9d-4d52-9a71-908d6e1176e9
a0f98a36-343e-4a6b-93b7-ea25e5d39063,bb964089-d07b-47ab-8a41-9d9c73afd501
a0f98a36-343e-4a6b-93b7-ea25e5d39063,8ef0d0d6-e9c5-4085-b995-c44c7b02c1a6
a0f98a36-343e-4a6b-93b7-ea25e5d39063,5c19dd85-3939-475e-a7ba-a5cb5bd65a72
a0f98a36-343e-4a6b-93b7-ea25e5d39063,cbedc358-d8b0-43a7-9e11-1ee5d658028a
a0f98a36-343e-4a6b-93b7-ea25e5d39063,016b5fc6-302a-48d9-a100-c10d129a9bd6
a0f98a36-343e-4a6b-93b7-ea25e5d39063,01e1d984-bfd7-468f-9994-62b68fd6f713
a0f98a36-343e-4a6b-93b7-ea25e5d39063,0b79916d-be97-4622-ad73-bcc6d5f94f91
a0f98a36-343e-4a6b-93b7-ea25e5d39063,1756504b-fd74-4292-b5ec-1c909e939f15
a0f98a36-343e-4a6b-93b7-ea25e5d39063,4de4b472-b0a0-4213-92b1-b67778a0997c
a0f98a36-343e-4a6b-93b7-ea25e5d39063,8ba36945-846d-4b08-9594-9d0e4f68d354
a0f98a36-343e-4a6b-93b7-ea25e5d39063,14a89bf0-34fe-429f-850f-0b6e91d23c46
a0f98a36-343e-4a6b-93b7-ea25e5d39063,742ec7c8-f5bc-4b97-8283-cac69ab55d3d
a0f98a36-343e-4a6b-93b7-ea25e5d39063,303dcce6-68a4-4c1c-a65c-c6909aaedcd3
a0f98a36-343e-4a6b-93b7-ea25e5d39063,1f7c9051-d181-4432-bae3-38c7b9ae0b64
a0f98a36-343e-4a6b-93b7-ea25e5d39063,40f72d82-17fa-403f-8ec4-e53f9d15e88e
a0f98a36-343e-4a6b-93b7-ea25e5d39063,1d003152-34bd-4bd7-bc10-b52e830be372
a0f98a36-343e-4a6b-93b7-ea25e5d39063,98af927f-57dc-4195-8c69-09cb52cd6aaf
a0f98a36-343e-4a6b-93b7-ea25e5d39063,51541dde-83f1-4a8b-b667-093fa1477104
a0f98a36-343e-4a6b-93b7-ea25e5d39063,db49451c-20e4-4432-90a7-6e9fc5cbe251
a0f98a36-343e-4a6b-93b7-ea25e5d39063,457d6001-80a6-42d7-b490-cca168f074e0
a0f98a36-343e-4a6b-93b7-ea25e5d39063,927fd968-be12-425f-aae3-ecc4506fdbc3
a0f98a36-343e-4a6b-93b7-ea25e5d39063,bf433f89-3e21-4668-bc10-7ecb96b6c657
a0f98a36-343e-4a6b-93b7-ea25e5d39063,6a01856d-7a35-4244-bdea-51dac03815f9
a0f98a36-343e-4a6b-93b7-ea25e5d39063,6c11d8ae-0673-4139-8796-7bf7450830e1
a0f98a36-343e-4a6b-93b7-ea25e5d39063,9c4379cd-bdb9-4f2f-82bc-f8e17a45a20c
a0f98a36-343e-4a6b-93b7-ea25e5d39063,f18ecd97-8b18-4277-b525-8a5987a3c14d
a0f98a36-343e-4a6b-93b7-ea25e5d39063,d680efb1-8629-4365-ae06-4c0fc9dea252
a0f98a36-343e-4a6b-93b7-ea25e5d39063,087f9134-e674-4391-9704-bdb85151e9ef
a0f98a36-343e-4a6b-93b7-ea25e5d39063,bf418248-e6bb-4966-a3c9-54ebcaf436b2
a0f98a36-343e-4a6b-93b7-ea25e5d39063,96137e87-0fc5-4351-b3c1-fc2a0a45bc08
a0f98a36-343e-4a6b-93b7-ea25e5d39063,26964457-a93a-4289-848b-6455cf2917e6
a0f98a36-343e-4a6b-93b7-ea25e5d39063,5c81cef8-44de-4b4f-b2bb-4cae94676f97
a0f98a36-343e-4a6b-93b7-ea25e5d39063,e9c74512-0244-42cf-b307-1819cbdf5eb6
a0f98a36-343e-4a6b-93b7-ea25e5d39063,ab93700a-d791-4ef0-934e-584176cb84e6
a0f98a36-343e-4a6b-93b7-ea25e5d39063,f9d329ed-7a9f-4300-8311-8a1b73c8cc2b
a0f98a36-343e-4a6b-93b7-ea25e5d39063,ef842685-490b-4701-9e3a-99b88c86244c
a0f98a36-343e-4a6b-93b7-ea25e5d39063,0f3d9061-ac4e-4bbd-83e9-3bd40e0991b1
a0f98a36-343e-4a6b-93b7-ea25e5d39063,0f0a90d0-1900-4d57-b4c3-961eeda62c55
a0f98a36-343e-4a6b-93b7-ea25e5d39063,af40f65b-07f1-4b93-b32f-6f6b87fefe73
a0f98a36-343e-4a6b-93b7-ea25e5d39063,e06b6dfe-5818-4ab8-bf7f-c78481e81275
a0f98a36-343e-4a6b-93b7-ea25e5d39063,0bd66021-1dbb-4d48-9839-686119f3299a
a0f98a36-343e-4a6b-93b7-ea25e5d39063,30f6fce8-15c3-4595-b430-efc2be7a8b45
a0f98a36-343e-4a6b-93b7-ea25e5d39063,c04d2b27-c9c1-4022-8d86-ed8927c69dc2
a0f98a36-343e-4a6b-93b7-ea25e5d39063,41bd322d-33e0-4417-a016-979e1c6eb034
a0f98a36-343e-4a6b-93b7-ea25e5d39063,57cce146-43dc-4f6f-b933-6e49b245a8b4
a0f98a36-343e-4a6b-93b7-ea25e5d39063,b4609f02-bd6c-4af6-bf35-b54b8959f08e
b20df2f3-16c0-4a37-81e2-290a3efdfb60,9e3c8d13-fa68-41ad-8592-a8ad7069365b
b20df2f3-16c0-4a37-81e2-290a3efdfb60,2689ea8a-374e-4469-9931-768496185a90
b20df2f3-16c0-4a37-81e2-290a3efdfb60,49f47ebc-23ec-4af9-866a-40d3b141f568
b20df2f3-16c0-4a37-81e2-290a3efdfb60,b4fe615d-2f9d-4d52-9a71-908d6e1176e9
b20df2f3-16c0-4a37-81e2-290a3efdfb60,bb964089-d07b-47ab-8a41-9d9c73afd501
b20df2f3-16c0-4a37-81e2-290a3efdfb60,8ef0d0d6-e9c5-4085-b995-c44c7b02c1a6
b20df2f3-16c0-4a37-81e2-290a3efdfb60,5c19dd85-3939-475e-a7ba-a5cb5bd65a72
b20df2f3-16c0-4a37-81e2-290a3efdfb60,cbedc358-d8b0-43a7-9e11-1ee5d658028a
b20df2f3-16c0-4a37-81e2-290a3efdfb60,016b5fc6-302a-48d9-a100-c10d129a9bd6
b20df2f3-16c0-4a37-81e2-290a3efdfb60,01e1d984-bfd7-468f-9994-62b68fd6f713
b20df2f3-16c0-4a37-81e2-290a3efdfb60,0b79916d-be97-4622-ad73-bcc6d5f94f91
b20df2f3-16c0-4a37-81e2-290a3efdfb60,1756504b-fd74-4292-b5ec-1c909e939f15
b20df2f3-16c0-4a37-81e2-290a3efdfb60,4de4b472-b0a0-4213-92b1-b67778a0997c
b20df2f3-16c0-4a37-81e2-290a3efdfb60,8ba36945-846d-4b08-9594-9d0e4f68d354
b20df2f3-16c0-4a37-81e2-290a3efdfb60,14a89bf0-34fe-429f-850f-0b6e91d23c46
b20df2f3-16c0-4a37-81e2-290a3efdfb60,742ec7c8-f5bc-4b97-8283-cac69ab55d3d
b20df2f3-16c0-4a37-81e2-290a3efdfb60,303dcce6-68a4-4c1c-a65c-c6909aaedcd3
b20df2f3-16c0-4a37-81e2-290a3efdfb60,1f7c9051-d181-4432-bae3-38c7b9ae0b64
b20df2f3-16c0-4a37-81e2-290a3efdfb60,40f72d82-17fa-403f-8ec4-e53f9d15e88e
b20df2f3-16c0-4a37-81e2-290a3efdfb60,1d003152-34bd-4bd7-bc10-b52e830be372
b20df2f3-16c0-4a37-81e2-290a3efdfb60,98af927f-57dc-4195-8c69-09cb52cd6aaf
b20df2f3-16c0-4a37-81e2-290a3efdfb60,51541dde-83f1-4a8b-b667-093fa1477104
b20df2f3-16c0-4a37-81e2-290a3efdfb60,db49451c-20e4-4432-90a7-6e9fc5cbe251
b20df2f3-16c0-4a37-81e2-290a3efdfb60,457d6001-80a6-42d7-b490-cca168f074e0
b20df2f3-16c0-4a37-81e2-290a3efdfb60,927fd968-be12-425f-aae3-ecc4506fdbc3
b20df2f3-16c0-4a37-81e2-290a3efdfb60,bf433f89-3e21-4668-bc10-7ecb96b6c657
b20df2f3-16c0-4a37-81e2-290a3efdfb60,6a01856d-7a35-4244-bdea-51dac03815f9
b20df2f3-16c0-4a37-81e2-290a3efdfb60,6c11d8ae-0673-4139-8796-7bf7450830e1
b20df2f3-16c0-4a37-81e2-290a3efdfb60,9c4379cd-bdb9-4f2f-82bc-f8e17a45a20c
b20df2f3-16c0-4a37-81e2-290a3efdfb60,f18ecd97-8b18-4277-b525-8a5987a3c14d
b20df2f3-16c0-4a37-81e2-290a3efdfb60,d680efb1-8629-4365-ae06-4c0fc9dea252
b20df2f3-16c0-4a37-81e2-290a3efdfb60,087f9134-e674-4391-9704-bdb85151e9ef
b20df2f3-16c0-4a37-81e2-290a3efdfb60,bf418248-e6bb-4966-a3c9-54ebcaf436b2
b20df2f3-16c0-4a37-81e2-290a3efdfb60,96137e87-0fc5-4351-b3c1-fc2a0a45bc08
b20df2f3-16c0-4a37-81e2-290a3efdfb60,26964457-a93a-4289-848b-6455cf2917e6
b20df2f3-16c0-4a37-81e2-290a3efdfb60,5c81cef8-44de-4b4f-b2bb-4cae94676f97
b20df2f3-16c0-4a37-81e2-290a3efdfb60,e9c74512-0244-42cf-b307-1819cbdf5eb6
b20df2f3-16c0-4a37-81e2-290a3efdfb60,ab93700a-d791-4ef0-934e-584176cb84e6
b20df2f3-16c0-4a37-81e2-290a3efdfb60,f9d329ed-7a9f-4300-8311-8a1b73c8cc2b
b20df2f3-16c0-4a37-81e2-290a3efdfb60,ef842685-490b-4701-9e3a-99b88c86244c
b20df2f3-16c0-4a37-81e2-290a3efdfb60,0f3d9061-ac4e-4bbd-83e9-3bd40e0991b1
b20df2f3-16c0-4a37-81e2-290a3efdfb60,0f0a90d0-1900-4d57-b4c3-961eeda62c55
b20df2f3-16c0-4a37-81e2-290a3efdfb60,af40f65b-07f1-4b93-b32f-6f6b87fefe73
b20df2f3-16c0-4a37-81e2-290a3efdfb60,e06b6dfe-5818-4ab8-bf7f-c78481e81275
b20df2f3-16c0-4a37-81e2-290a3efdfb60,0bd66021-1dbb-4d48-9839-686119f3299a
b20df2f3-16c0-4a37-81e2-290a3efdfb60,30f6fce8-15c3-4595-b430-efc2be7a8b45
b20df2f3-16c0-4a37-81e2-290a3efdfb60,c04d2b27-c9c1-4022-8d86-ed8927c69dc2
b20df2f3-16c0-4a37-81e2-290a3efdfb60,41bd322d-33e0-4417-a016-979e1c6eb034
b20df2f3-16c0-4a37-81e2-290a3efdfb60,57cce146-43dc-4f6f-b933-6e49b245a8b4
b20df2f3-16c0-4a37-81e2-290a3efdfb60,b4609f02-bd6c-4af6-bf35-b54b8959f08e
c78a1bf7-d3f5-4425-8b98-d69a14637798,9e3c8d13-fa68-41ad-8592-a8ad7069365b
c78a1bf7-d3f5-4425-8b98-d69a14637798,2689ea8a-374e-4469-9931-768496185a90
c78a1bf7-d3f5-4425-8b98-d69a14637798,49f47ebc-23ec-4af9-866a-40d3b141f568
c78a1bf7-d3f5-4425-8b98-d69a14637798,b4fe615d-2f9d-4d52-9a71-908d6e1176e9
c78a1bf7-d3f5-4425-8b98-d69a14637798,bb964089-d07b-47ab-8a41-9d9c73afd501
c78a1bf7-d3f5-4425-8b98-d69a14637798,8ef0d0d6-e9c5-4085-b995-c44c7b02c1a6
c78a1bf7-d3f5-4425-8b98-d69a14637798,5c19dd85-3939-475e-a7ba-a5cb5bd65a72
c78a1bf7-d3f5-4425-8b98-d69a14637798,cbedc358-d8b0-43a7-9e11-1ee5d658028a
c78a1bf7-d3f5-4425-8b98-d69a14637798,016b5fc6-302a-48d9-a100-c10d129a9bd6
c78a1bf7-d3f5-4425-8b98-d69a14637798,01e1d984-bfd7-468f-9994-62b68fd6f713
c78a1bf7-d3f5-4425-8b98-d69a14637798,0b79916d-be97-4622-ad73-bcc6d5f94f91
c78a1bf7-d3f5-4425-8b98-d69a14637798,1756504b-fd74-4292-b5ec-1c909e939f15
c78a1bf7-d3f5-4425-8b98-d69a14637798,4de4b472-b0a0-4213-92b1-b67778a0997c
c78a1bf7-d3f5-4425-8b98-d69a14637798,8ba36945-846d-4b08-9594-9d0e4f68d354
c78a1bf7-d3f5-4425-8b98-d69a14637798,14a89bf0-34fe-429f-850f-0b6e91d23c46
c78a1bf7-d3f5-4425-8b98-d69a14637798,742ec7c8-f5bc-4b97-8283-cac69ab55d3d
c78a1bf7-d3f5-4425-8b98-d69a14637798,303dcce6-68a4-4c1c-a65c-c6909aaedcd3
c78a1bf7-d3f5-4425-8b98-d69a14637798,1f7c9051-d181-4432-bae3-38c7b9ae0b64
c78a1bf7-d3f5-4425-8b98-d69a14637798,40f72d82-17fa-403f-8ec4-e53f9d15e88e
c78a1bf7-d3f5-4425-8b98-d69a14637798,1d003152-34bd-4bd7-bc10-b52e830be372
c78a1bf7-d3f5-4425-8b98-d69a14637798,98af927f-57dc-4195-8c69-09cb52cd6aaf
c78a1bf7-d3f5-4425-8b98-d69a14637798,51541dde-83f1-4a8b-b667-093fa1477104
c78a1bf7-d3f5-4425-8b98-d69a14637798,db49451c-20e4-4432-90a7-6e9fc5cbe251
c78a1bf7-d3f5-4425-8b98-d69a14637798,457d6001-80a6-42d7-b490-cca168f074e0
c78a1bf7-d3f5-4425-8b98-d69a14637798,927fd968-be12-425f-aae3-ecc4506fdbc3
c78a1bf7-d3f5-4425-8b98-d69a14637798,bf433f89-3e21-4668-bc10-7ecb96b6c657
c78a1bf7-d3f5-4425-8b98-d69a14637798,6a01856d-7a35-4244-bdea-51dac03815f9
c78a1bf7-d3f5-4425-8b98-d69a14637798,6c11d8ae-0673-4139-8796-7bf7450830e1
c78a1bf7-d3f5-4425-8b98-d69a14637798,9c4379cd-bdb9-4f2f-82bc-f8e17a45a20c
c78a1bf7-d3f5-4425-8b98-d69a14637798,f18ecd97-8b18-4277-b525-8a5987a3c14d
c78a1bf7-d3f5-4425-8b98-d69a14637798,d680efb1-8629-4365-ae06-4c0fc9dea252
c78a1bf7-d3f5-4425-8b98-d69a14637798,087f9134-e674-4391-9704-bdb85151e9ef
c78a1bf7-d3f5-4425-8b98-d69a14637798,bf418248-e6bb-4966-a3c9-54ebcaf436b2
c78a1bf7-d3f5-4425-8b98-d69a14637798,96137e87-0fc5-4351-b3c1-fc2a0a45bc08
c78a1bf7-d3f5-4425-8b98-d69a14637798,26964457-a93a-4289-848b-6455cf2917e6
c78a1bf7-d3f5-4425-8b98-d69a14637798,5c81cef8-44de-4b4f-b2bb-4cae94676f97
c78a1bf7-d3f5-4425-8b98-d69a14637798,e9c74512-0244-42cf-b307-1819cbdf5eb6
c78a1bf7-d3f5-4425-8b98-d69a14637798,ab93700a-d791-4ef0-934e-584176cb84e6
c78a1bf7-d3f5-4425-8b98-d69a14637798,f9d329ed-7a9f-4300-8311-8a1b73c8cc2b
c78a1bf7-d3f5-4425-8b98-d69a14637798,ef842685-490b-4701-9e3a-99b88c86244c
c78a1bf7-d3f5-4425-8b98-d69a14637798,0f3d9061-ac4e-4bbd-83e9-3bd40e0991b1
c78a1bf7-d3f5-4425-8b98-d69a14637798,0f0a90d0-1900-4d57-b4c3-961eeda62c55
c78a1bf7-d3f5-4425-8b98-d69a14637798,af40f65b-07f1-4b93-b32f-6f6b87fefe73
c78a1bf7-d3f5-4425-8b98-d69a14637798,e06b6dfe-5818-4ab8-bf7f-c78481e81275
c78a1bf7-d3f5-4425-8b98-d69a14637798,0bd66021-1dbb-4d48-9839-686119f3299a
c78a1bf7-d3f5-4425-8b98-d69a14637798,30f6fce8-15c3-4595-b430-efc2be7a8b45
c78a1bf7-d3f5-4425-8b98-d69a14637798,c04d2b27-c9c1-4022-8d86-ed8927c69dc2
c78a1bf7-d3f5-4425-8b98-d69a14637798,41bd322d-33e0-4417-a016-979e1c6eb034
c78a1bf7-d3f5-4425-8b98-d69a14637798,57cce146-43dc-4f6f-b933-6e49b245a8b4
c78a1bf7-d3f5-4425-8b98-d69a14637798,b4609f02-bd6c-4af6-bf35-b54b8959f08e
dd71280b-42ea-4fde-876e-870015057ef4,9e3c8d13-fa68-41ad-8592-a8ad7069365b
dd71280b-42ea-4fde-876e-870015057ef4,2689ea8a-374e-4469-9931-768496185a90
dd71280b-42ea-4fde-876e-870015057ef4,49f47ebc-23ec-4af9-866a-40d3b141f568
dd71280b-42ea-4fde-876e-870015057ef4,b4fe615d-2f9d-4d52-9a71-908d6e1176e9
dd71280b-42ea-4fde-876e-870015057ef4,bb964089-d07b-47ab-8a41-9d9c73afd501
dd71280b-42ea-4fde-876e-870015057ef4,8ef0d0d6-e9c5-4085-b995-c44c7b02c1a6
dd71280b-42ea-4fde-876e-870015057ef4,5c19dd85-3939-475e-a7ba-a5cb5bd65a72
dd71280b-42ea-4fde-876e-870015057ef4,cbedc358-d8b0-43a7-9e11-1ee5d658028a
dd71280b-42ea-4fde-876e-870015057ef4,016b5fc6-302a-48d9-a100-c10d129a9bd6
dd71280b-42ea-4fde-876e-870015057ef4,01e1d984-bfd7-468f-9994-62b68fd6f713
dd71280b-42ea-4fde-876e-870015057ef4,0b79916d-be97-4622-ad73-bcc6d5f94f91
dd71280b-42ea-4fde-876e-870015057ef4,1756504b-fd74-4292-b5ec-1c909e939f15
dd71280b-42ea-4fde-876e-870015057ef4,4de4b472-b0a0-4213-92b1-b67778a0997c
dd71280b-42ea-4fde-876e-870015057ef4,8ba36945-846d-4b08-9594-9d0e4f68d354
dd71280b-42ea-4fde-876e-870015057ef4,14a89bf0-34fe-429f-850f-0b6e91d23c46
dd71280b-42ea-4fde-876e-870015057ef4,742ec7c8-f5bc-4b97-8283-cac69ab55d3d
dd71280b-42ea-4fde-876e-870015057ef4,303dcce6-68a4-4c1c-a65c-c6909aaedcd3
dd71280b-42ea-4fde-876e-870015057ef4,1f7c9051-d181-4432-bae3-38c7b9ae0b64
dd71280b-42ea-4fde-876e-870015057ef4,40f72d82-17fa-403f-8ec4-e53f9d15e88e
dd71280b-42ea-4fde-876e-870015057ef4,1d003152-34bd-4bd7-bc10-b52e830be372
dd71280b-42ea-4fde-876e-870015057ef4,98af927f-57dc-4195-8c69-09cb52cd6aaf
dd71280b-42ea-4fde-876e-870015057ef4,51541dde-83f1-4a8b-b667-093fa1477104
dd71280b-42ea-4fde-876e-870015057ef4,db49451c-20e4-4432-90a7-6e9fc5cbe251
dd71280b-42ea-4fde-876e-870015057ef4,457d6001-80a6-42d7-b490-cca168f074e0
dd71280b-42ea-4fde-876e-870015057ef4,927fd968-be12-425f-aae3-ecc4506fdbc3
dd71280b-42ea-4fde-876e-870015057ef4,bf433f89-3e21-4668-bc10-7ecb96b6c657
dd71280b-42ea-4fde-876e-870015057ef4,6a01856d-7a35-4244-bdea-51dac03815f9
dd71280b-42ea-4fde-876e-870015057ef4,6c11d8ae-0673-4139-8796-7bf7450830e1
dd71280b-42ea-4fde-876e-870015057ef4,9c4379cd-bdb9-4f2f-82bc-f8e17a45a20c
dd71280b-42ea-4fde-876e-870015057ef4,f18ecd97-8b18-4277-b525-8a5987a3c14d
dd71280b-42ea-4fde-876e-870015057ef4,d680efb1-8629-4365-ae06-4c0fc9dea252
dd71280b-42ea-4fde-876e-870015057ef4,087f9134-e674-4391-9704-bdb85151e9ef
dd71280b-42ea-4fde-876e-870015057ef4,bf418248-e6bb-4966-a3c9-54ebcaf436b2
dd71280b-42ea-4fde-876e-870015057ef4,96137e87-0fc5-4351-b3c1-fc2a0a45bc08
dd71280b-42ea-4fde-876e-870015057ef4,26964457-a93a-4289-848b-6455cf2917e6
dd71280b-42ea-4fde-876e-870015057ef4,5c81cef8-44de-4b4f-b2bb-4cae94676f97
dd71280b-42ea-4fde-876e-870015057ef4,e9c74512-0244-42cf-b307-1819cbdf5eb6
dd71280b-42ea-4fde-876e-870015057ef4,ab93700a-d791-4ef0-934e-584176cb84e6
dd71280b-42ea-4fde-876e-870015057ef4,f9d329ed-7a9f-4300-8311-8a1b73c8cc2b
dd71280b-42ea-4fde-876e-870015057ef4,ef842685-490b-4701-9e3a-99b88c86244c
dd71280b-42ea-4fde-876e-870015057ef4,0f3d9061-ac4e-4bbd-83e9-3bd40e0991b1
dd71280b-42ea-4fde-876e-870015057ef4,0f0a90d0-1900-4d57-b4c3-961eeda62c55
dd71280b-42ea-4fde-876e-870015057ef4,af40f65b-07f1-4b93-b32f-6f6b87fefe73
dd71280b-42ea-4fde-876e-870015057ef4,e06b6dfe-5818-4ab8-bf7f-c78481e81275
dd71280b-42ea-4fde-876e-870015057ef4,0bd66021-1dbb-4d48-9839-686119f3299a
dd71280b-42ea-4fde-876e-870015057ef4,30f6fce8-15c3-4595-b430-efc2be7a8b45
dd71280b-42ea-4fde-876e-870015057ef4,c04d2b27-c9c1-4022-8d86-ed8927c69dc2
dd71280b-42ea-4fde-876e-870015057ef4,41bd322d-33e0-4417-a016-979e1c6eb034
dd71280b-42ea-4fde-876e-870015057ef4,57cce146-43dc-4f6f-b933-6e49b245a8b4
dd71280b-42ea-4fde-876e-870015057ef4,b4609f02-bd6c-4af6-bf35-b54b8959f08e
dedfdb29-563a-4e98-a06b-fd14931f0db1,9e3c8d13-fa68-41ad-8592-a8ad7069365b
dedfdb29-563a-4e98-a06b-fd14931f0db1,2689ea8a-374e-4469-9931-768496185a90
dedfdb29-563a-4e98-a06b-fd14931f0db1,49f47ebc-23ec-4af9-866a-40d3b141f568
dedfdb29-563a-4e98-a06b-fd14931f0db1,b4fe615d-2f9d-4d52-9a71-908d6e1176e9
dedfdb29-563a-4e98-a06b-fd14931f0db1,bb964089-d07b-47ab-8a41-9d9c73afd501
dedfdb29-563a-4e98-a06b-fd14931f0db1,8ef0d0d6-e9c5-4085-b995-c44c7b02c1a6
dedfdb29-563a-4e98-a06b-fd14931f0db1,5c19dd85-3939-475e-a7ba-a5cb5bd65a72
dedfdb29-563a-4e98-a06b-fd14931f0db1,cbedc358-d8b0-43a7-9e11-1ee5d658028a
dedfdb29-563a-4e98-a06b-fd14931f0db1,016b5fc6-302a-48d9-a100-c10d129a9bd6
dedfdb29-563a-4e98-a06b-fd14931f0db1,01e1d984-bfd7-468f-9994-62b68fd6f713
dedfdb29-563a-4e98-a06b-fd14931f0db1,0b79916d-be97-4622-ad73-bcc6d5f94f91
dedfdb29-563a-4e98-a06b-fd14931f0db1,1756504b-fd74-4292-b5ec-1c909e939f15
dedfdb29-563a-4e98-a06b-fd14931f0db1,4de4b472-b0a0-4213-92b1-b67778a0997c
dedfdb29-563a-4e98-a06b-fd14931f0db1,8ba36945-846d-4b08-9594-9d0e4f68d354
dedfdb29-563a-4e98-a06b-fd14931f0db1,14a89bf0-34fe-429f-850f-0b6e91d23c46
dedfdb29-563a-4e98-a06b-fd14931f0db1,742ec7c8-f5bc-4b97-8283-cac69ab55d3d
dedfdb29-563a-4e98-a06b-fd14931f0db1,303dcce6-68a4-4c1c-a65c-c6909aaedcd3
dedfdb29-563a-4e98-a06b-fd14931f0db1,1f7c9051-d181-4432-bae3-38c7b9ae0b64
dedfdb29-563a-4e98-a06b-fd14931f0db1,40f72d82-17fa-403f-8ec4-e53f9d15e88e
dedfdb29-563a-4e98-a06b-fd14931f0db1,1d003152-34bd-4bd7-bc10-b52e830be372
dedfdb29-563a-4e98-a06b-fd14931f0db1,98af927f-57dc-4195-8c69-09cb52cd6aaf
dedfdb29-563a-4e98-a06b-fd14931f0db1,51541dde-83f1-4a8b-b667-093fa1477104
dedfdb29-563a-4e98-a06b-fd14931f0db1,db49451c-20e4-4432-90a7-6e9fc5cbe251
dedfdb29-563a-4e98-a06b-fd14931f0db1,457d6001-80a6-42d7-b490-cca168f074e0
dedfdb29-563a-4e98-a06b-fd14931f0db1,927fd968-be12-425f-aae3-ecc4506fdbc3
dedfdb29-563a-4e98-a06b-fd14931f0db1,bf433f89-3e21-4668-bc10-7ecb96b6c657
dedfdb29-563a-4e98-a06b-fd14931f0db1,6a01856d-7a35-4244-bdea-51dac03815f9
dedfdb29-563a-4e98-a06b-fd14931f0db1,6c11d8ae-0673-4139-8796-7bf7450830e1
dedfdb29-563a-4e98-a06b-fd14931f0db1,9c4379cd-bdb9-4f2f-82bc-f8e17a45a20c
dedfdb29-563a-4e98-a06b-fd14931f0db1,f18ecd97-8b18-4277-b525-8a5987a3c14d
dedfdb29-563a-4e98-a06b-fd14931f0db1,d680efb1-8629-4365-ae06-4c0fc9dea252
dedfdb29-563a-4e98-a06b-fd14931f0db1,087f9134-e674-4391-9704-bdb85151e9ef
dedfdb29-563a-4e98-a06b-fd14931f0db1,bf418248-e6bb-4966-a3c9-54ebcaf436b2
dedfdb29-563a-4e98-a06b-fd14931f0db1,96137e87-0fc5-4351-b3c1-fc2a0a45bc08
dedfdb29-563a-4e98-a06b-fd14931f0db1,26964457-a93a-4289-848b-6455cf2917e6
dedfdb29-563a-4e98-a06b-fd14931f0db1,5c81cef8-44de-4b4f-b2bb-4cae94676f97
dedfdb29-563a-4e98-a06b-fd14931f0db1,e9c74512-0244-42cf-b307-1819cbdf5eb6
dedfdb29-563a-4e98-a06b-fd14931f0db1,ab93700a-d791-4ef0-934e-584176cb84e6
dedfdb29-563a-4e98-a06b-fd14931f0db1,f9d329ed-7a9f-4300-8311-8a1b73c8cc2b
dedfdb29-563a-4e98-a06b-fd14931f0db1,ef842685-490b-4701-9e3a-99b88c86244c
dedfdb29-563a-4e98-a06b-fd14931f0db1,0f3d9061-ac4e-4bbd-83e9-3bd40e0991b1
dedfdb29-563a-4e98-a06b-fd14931f0db1,0f0a90d0-1900-4d57-b4c3-961eeda62c55
dedfdb29-563a-4e98-a06b-fd14931f0db1,af40f65b-07f1-4b93-b32f-6f6b87fefe73
dedfdb29-563a-4e98-a06b-fd14931f0db1,e06b6dfe-5818-4ab8-bf7f-c78481e81275
dedfdb29-563a-4e98-a06b-fd14931f0db1,0bd66021-1dbb-4d48-9839-686119f3299a
dedfdb29-563a-4e98-a06b-fd14931f0db1,30f6fce8-15c3-4595-b430-efc2be7a8b45
dedfdb29-563a-4e98-a06b-fd14931f0db1,c04d2b27-c9c1-4022-8d86-ed8927c69dc2
dedfdb29-563a-4e98-a06b-fd14931f0db1,41bd322d-33e0-4417-a016-979e1c6eb034
dedfdb29-563a-4e98-a06b-fd14931f0db1,57cce146-43dc-4f6f-b933-6e49b245a8b4
dedfdb29-563a-4e98-a06b-fd14931f0db1,b4609f02-bd6c-4af6-bf35-b54b8959f08e
