unit_id,lesson_plan_id
016b5fc6-302a-48d9-a100-c10d129a9bd6,5fd01b8719c96568d20ac4c5
016b5fc6-302a-48d9-a100-c10d129a9bd6,606419680a770f2a0d9477db
016b5fc6-302a-48d9-a100-c10d129a9bd6,606d13ee3402f28e4e934f43
016b5fc6-302a-48d9-a100-c10d129a9bd6,606d143c74945ce9b0d233b6
016b5fc6-302a-48d9-a100-c10d129a9bd6,60641a597b27bd6cf7f0e36d
016b5fc6-302a-48d9-a100-c10d129a9bd6,60641a5ae22a795140b7a823
016b5fc6-302a-48d9-a100-c10d129a9bd6,6087cf72e1f47ed91fb39562
01e1d984-bfd7-468f-9994-62b68fd6f713,6087cf72e1f47ed91fb39562
01e1d984-bfd7-468f-9994-62b68fd6f713,6087d00434ce8181317a2b9b
01e1d984-bfd7-468f-9994-62b68fd6f713,6063bf79cf9dafb599c4cecf
01e1d984-bfd7-468f-9994-62b68fd6f713,60641a5bf9ed665793f60df0
01e1d984-bfd7-468f-9994-62b68fd6f713,606d158ac8f274f8d2ad628d
087f9134-e674-4391-9704-bdb85151e9ef,60641a5bf9ed665793f60df0
087f9134-e674-4391-9704-bdb85151e9ef,606d158ac8f274f8d2ad628d
087f9134-e674-4391-9704-bdb85151e9ef,606d16724cdee0cde0eefabc
087f9134-e674-4391-9704-bdb85151e9ef,5fd01b8719c96568d20ac4c5
087f9134-e674-4391-9704-bdb85151e9ef,606419680a770f2a0d9477db
0b79916d-be97-4622-ad73-bcc6d5f94f91,606d143c74945ce9b0d233b6
0b79916d-be97-4622-ad73-bcc6d5f94f91,60641a597b27bd6cf7f0e36d
0b79916d-be97-4622-ad73-bcc6d5f94f91,60641a5ae22a795140b7a823
0b79916d-be97-4622-ad73-bcc6d5f94f91,6087cf72e1f47ed91fb39562
0b79916d-be97-4622-ad73-bcc6d5f94f91,6087d00434ce8181317a2b9b
0b79916d-be97-4622-ad73-bcc6d5f94f91,6063bf79cf9dafb599c4cecf
0b79916d-be97-4622-ad73-bcc6d5f94f91,60641a5bf9ed665793f60df0
0bd66021-1dbb-4d48-9839-686119f3299a,606419680a770f2a0d9477db
0bd66021-1dbb-4d48-9839-686119f3299a,606d13ee3402f28e4e934f43
0bd66021-1dbb-4d48-9839-686119f3299a,606d143c74945ce9b0d233b6
0bd66021-1dbb-4d48-9839-686119f3299a,60641a597b27bd6cf7f0e36d
0f0a90d0-1900-4d57-b4c3-961eeda62c55,606d143c74945ce9b0d233b6
0f0a90d0-1900-4d57-b4c3-961eeda62c55,60641a597b27bd6cf7f0e36d
0f0a90d0-1900-4d57-b4c3-961eeda62c55,60641a5ae22a795140b7a823
0f0a90d0-1900-4d57-b4c3-961eeda62c55,6087cf72e1f47ed91fb39562
0f0a90d0-1900-4d57-b4c3-961eeda62c55,6087d00434ce8181317a2b9b
0f0a90d0-1900-4d57-b4c3-961eeda62c55,6063bf79cf9dafb599c4cecf
0f0a90d0-1900-4d57-b4c3-961eeda62c55,60641a5bf9ed665793f60df0
0f0a90d0-1900-4d57-b4c3-961eeda62c55,606d158ac8f274f8d2ad628d
0f0a90d0-1900-4d57-b4c3-961eeda62c55,606d16724cdee0cde0eefabc
0f0a90d0-1900-4d57-b4c3-961eeda62c55,5fd01b8719c96568d20ac4c5
0f0a90d0-1900-4d57-b4c3-961eeda62c55,606419680a770f2a0d9477db
0f0a90d0-1900-4d57-b4c3-961eeda62c55,606d13ee3402f28e4e934f43
0f3d9061-ac4e-4bbd-83e9-3bd40e0991b1,6063bf79cf9dafb599c4cecf
0f3d9061-ac4e-4bbd-83e9-3bd40e0991b1,60641a5bf9ed665793f60df0
0f3d9061-ac4e-4bbd-83e9-3bd40e0991b1,606d158ac8f274f8d2ad628d
0f3d9061-ac4e-4bbd-83e9-3bd40e0991b1,606d16724cdee0cde0eefabc
0f3d9061-ac4e-4bbd-83e9-3bd40e0991b1,5fd01b8719c96568d20ac4c5
0f3d9061-ac4e-4bbd-83e9-3bd40e0991b1,606419680a770f2a0d9477db
0f3d9061-ac4e-4bbd-83e9-3bd40e0991b1,606d13ee3402f28e4e934f43
0f3d9061-ac4e-4bbd-83e9-3bd40e0991b1,606d143c74945ce9b0d233b6
0f3d9061-ac4e-4bbd-83e9-3bd40e0991b1,60641a597b27bd6cf7f0e36d
0f3d9061-ac4e-4bbd-83e9-3bd40e0991b1,60641a5ae22a795140b7a823
14a89bf0-34fe-429f-850f-0b6e91d23c46,606d16724cdee0cde0eefabc
14a89bf0-34fe-429f-850f-0b6e91d23c46,5fd01b8719c96568d20ac4c5
14a89bf0-34fe-429f-850f-0b6e91d23c46,606419680a770f2a0d9477db
14a89bf0-34fe-429f-850f-0b6e91d23c46,606d13ee3402f28e4e934f43
14a89bf0-34fe-429f-850f-0b6e91d23c46,606d143c74945ce9b0d233b6
14a89bf0-34fe-429f-850f-0b6e91d23c46,60641a597b27bd6cf7f0e36d
14a89bf0-34fe-429f-850f-0b6e91d23c46,60641a5ae22a795140b7a823
14a89bf0-34fe-429f-850f-0b6e91d23c46,6087cf72e1f47ed91fb39562
14a89bf0-34fe-429f-850f-0b6e91d23c46,6087d00434ce8181317a2b9b
1756504b-fd74-4292-b5ec-1c909e939f15,606d158ac8f274f8d2ad628d
1756504b-fd74-4292-b5ec-1c909e939f15,606d16724cdee0cde0eefabc
1756504b-fd74-4292-b5ec-1c909e939f15,5fd01b8719c96568d20ac4c5
1756504b-fd74-4292-b5ec-1c909e939f15,606419680a770f2a0d9477db
1756504b-fd74-4292-b5ec-1c909e939f15,606d13ee3402f28e4e934f43
1756504b-fd74-4292-b5ec-1c909e939f15,606d143c74945ce9b0d233b6
1756504b-fd74-4292-b5ec-1c909e939f15,60641a597b27bd6cf7f0e36d
1756504b-fd74-4292-b5ec-1c909e939f15,60641a5ae22a795140b7a823
1756504b-fd74-4292-b5ec-1c909e939f15,6087cf72e1f47ed91fb39562
1756504b-fd74-4292-b5ec-1c909e939f15,6087d00434ce8181317a2b9b
1756504b-fd74-4292-b5ec-1c909e939f15,6063bf79cf9dafb599c4cecf
1756504b-fd74-4292-b5ec-1c909e939f15,60641a5bf9ed665793f60df0
1d003152-34bd-4bd7-bc10-b52e830be372,60641a5bf9ed665793f60df0
1d003152-34bd-4bd7-bc10-b52e830be372,606d158ac8f274f8d2ad628d
1d003152-34bd-4bd7-bc10-b52e830be372,606d16724cdee0cde0eefabc
1d003152-34bd-4bd7-bc10-b52e830be372,5fd01b8719c96568d20ac4c5
1d003152-34bd-4bd7-bc10-b52e830be372,606419680a770f2a0d9477db
1d003152-34bd-4bd7-bc10-b52e830be372,606d13ee3402f28e4e934f43
1d003152-34bd-4bd7-bc10-b52e830be372,606d143c74945ce9b0d233b6
1d003152-34bd-4bd7-bc10-b52e830be372,60641a597b27bd6cf7f0e36d
1f7c9051-d181-4432-bae3-38c7b9ae0b64,606d158ac8f274f8d2ad628d
1f7c9051-d181-4432-bae3-38c7b9ae0b64,606d16724cdee0cde0eefabc
1f7c9051-d181-4432-bae3-38c7b9ae0b64,5fd01b8719c96568d20ac4c5
1f7c9051-d181-4432-bae3-38c7b9ae0b64,606419680a770f2a0d9477db
2689ea8a-374e-4469-9931-768496185a90,60641a597b27bd6cf7f0e36d
2689ea8a-374e-4469-9931-768496185a90,60641a5ae22a795140b7a823
2689ea8a-374e-4469-9931-768496185a90,6087cf72e1f47ed91fb39562
2689ea8a-374e-4469-9931-768496185a90,6087d00434ce8181317a2b9b
2689ea8a-374e-4469-9931-768496185a90,60641a597b27bd6cf7f0e36d
2689ea8a-374e-4469-9931-768496185a90,60641a5ae22a795140b7a823
2689ea8a-374e-4469-9931-768496185a90,6087cf72e1f47ed91fb39562
2689ea8a-374e-4469-9931-768496185a90,6087d00434ce8181317a2b9b
2689ea8a-374e-4469-9931-768496185a90,60641a597b27bd6cf7f0e36d
2689ea8a-374e-4469-9931-768496185a90,60641a5ae22a795140b7a823
26964457-a93a-4289-848b-6455cf2917e6,606d158ac8f274f8d2ad628d
26964457-a93a-4289-848b-6455cf2917e6,606d16724cdee0cde0eefabc
26964457-a93a-4289-848b-6455cf2917e6,5fd01b8719c96568d20ac4c5
26964457-a93a-4289-848b-6455cf2917e6,606419680a770f2a0d9477db
26964457-a93a-4289-848b-6455cf2917e6,606d13ee3402f28e4e934f43
303dcce6-68a4-4c1c-a65c-c6909aaedcd3,606d13ee3402f28e4e934f43
303dcce6-68a4-4c1c-a65c-c6909aaedcd3,606d143c74945ce9b0d233b6
303dcce6-68a4-4c1c-a65c-c6909aaedcd3,60641a597b27bd6cf7f0e36d
303dcce6-68a4-4c1c-a65c-c6909aaedcd3,60641a5ae22a795140b7a823
303dcce6-68a4-4c1c-a65c-c6909aaedcd3,6087cf72e1f47ed91fb39562
303dcce6-68a4-4c1c-a65c-c6909aaedcd3,6087d00434ce8181317a2b9b
303dcce6-68a4-4c1c-a65c-c6909aaedcd3,6063bf79cf9dafb599c4cecf
303dcce6-68a4-4c1c-a65c-c6909aaedcd3,60641a5bf9ed665793f60df0
303dcce6-68a4-4c1c-a65c-c6909aaedcd3,606d158ac8f274f8d2ad628d
30f6fce8-15c3-4595-b430-efc2be7a8b45,606419680a770f2a0d9477db
40f72d82-17fa-403f-8ec4-e53f9d15e88e,606419680a770f2a0d9477db
40f72d82-17fa-403f-8ec4-e53f9d15e88e,606d13ee3402f28e4e934f43
40f72d82-17fa-403f-8ec4-e53f9d15e88e,606d143c74945ce9b0d233b6
41bd322d-33e0-4417-a016-979e1c6eb034,5fd01b8719c96568d20ac4c5
41bd322d-33e0-4417-a016-979e1c6eb034,606419680a770f2a0d9477db
41bd322d-33e0-4417-a016-979e1c6eb034,606d13ee3402f28e4e934f43
41bd322d-33e0-4417-a016-979e1c6eb034,606d143c74945ce9b0d233b6
41bd322d-33e0-4417-a016-979e1c6eb034,60641a597b27bd6cf7f0e36d
41bd322d-33e0-4417-a016-979e1c6eb034,60641a5ae22a795140b7a823
41bd322d-33e0-4417-a016-979e1c6eb034,6087cf72e1f47ed91fb39562
41bd322d-33e0-4417-a016-979e1c6eb034,6087d00434ce8181317a2b9b
457d6001-80a6-42d7-b490-cca168f074e0,60641a597b27bd6cf7f0e36d
457d6001-80a6-42d7-b490-cca168f074e0,60641a5ae22a795140b7a823
457d6001-80a6-42d7-b490-cca168f074e0,6087cf72e1f47ed91fb39562
457d6001-80a6-42d7-b490-cca168f074e0,6087d00434ce8181317a2b9b
457d6001-80a6-42d7-b490-cca168f074e0,6063bf79cf9dafb599c4cecf
457d6001-80a6-42d7-b490-cca168f074e0,60641a5bf9ed665793f60df0
457d6001-80a6-42d7-b490-cca168f074e0,606d158ac8f274f8d2ad628d
457d6001-80a6-42d7-b490-cca168f074e0,606d16724cdee0cde0eefabc
457d6001-80a6-42d7-b490-cca168f074e0,5fd01b8719c96568d20ac4c5
457d6001-80a6-42d7-b490-cca168f074e0,606419680a770f2a0d9477db
457d6001-80a6-42d7-b490-cca168f074e0,606d13ee3402f28e4e934f43
457d6001-80a6-42d7-b490-cca168f074e0,606d143c74945ce9b0d233b6
49f47ebc-23ec-4af9-866a-40d3b141f568,6063bf79cf9dafb599c4cecf
49f47ebc-23ec-4af9-866a-40d3b141f568,60641a5bf9ed665793f60df0
49f47ebc-23ec-4af9-866a-40d3b141f568,606d158ac8f274f8d2ad628d
49f47ebc-23ec-4af9-866a-40d3b141f568,606d16724cdee0cde0eefabc
49f47ebc-23ec-4af9-866a-40d3b141f568,6063bf79cf9dafb599c4cecf
4de4b472-b0a0-4213-92b1-b67778a0997c,606d158ac8f274f8d2ad628d
4de4b472-b0a0-4213-92b1-b67778a0997c,606d16724cdee0cde0eefabc
4de4b472-b0a0-4213-92b1-b67778a0997c,5fd01b8719c96568d20ac4c5
4de4b472-b0a0-4213-92b1-b67778a0997c,606419680a770f2a0d9477db
4de4b472-b0a0-4213-92b1-b67778a0997c,606d13ee3402f28e4e934f43
4de4b472-b0a0-4213-92b1-b67778a0997c,606d143c74945ce9b0d233b6
4de4b472-b0a0-4213-92b1-b67778a0997c,60641a597b27bd6cf7f0e36d
4de4b472-b0a0-4213-92b1-b67778a0997c,60641a5ae22a795140b7a823
51541dde-83f1-4a8b-b667-093fa1477104,606d143c74945ce9b0d233b6
51541dde-83f1-4a8b-b667-093fa1477104,60641a597b27bd6cf7f0e36d
51541dde-83f1-4a8b-b667-093fa1477104,60641a5ae22a795140b7a823
51541dde-83f1-4a8b-b667-093fa1477104,6087cf72e1f47ed91fb39562
51541dde-83f1-4a8b-b667-093fa1477104,6087d00434ce8181317a2b9b
57cce146-43dc-4f6f-b933-6e49b245a8b4,6087d00434ce8181317a2b9b
57cce146-43dc-4f6f-b933-6e49b245a8b4,6063bf79cf9dafb599c4cecf
57cce146-43dc-4f6f-b933-6e49b245a8b4,60641a5bf9ed665793f60df0
57cce146-43dc-4f6f-b933-6e49b245a8b4,606d158ac8f274f8d2ad628d
57cce146-43dc-4f6f-b933-6e49b245a8b4,606d16724cdee0cde0eefabc
57cce146-43dc-4f6f-b933-6e49b245a8b4,5fd01b8719c96568d20ac4c5
57cce146-43dc-4f6f-b933-6e49b245a8b4,606419680a770f2a0d9477db
57cce146-43dc-4f6f-b933-6e49b245a8b4,606d13ee3402f28e4e934f43
57cce146-43dc-4f6f-b933-6e49b245a8b4,606d143c74945ce9b0d233b6
5c19dd85-3939-475e-a7ba-a5cb5bd65a72,60641a597b27bd6cf7f0e36d
5c19dd85-3939-475e-a7ba-a5cb5bd65a72,60641a5ae22a795140b7a823
5c19dd85-3939-475e-a7ba-a5cb5bd65a72,6087cf72e1f47ed91fb39562
5c19dd85-3939-475e-a7ba-a5cb5bd65a72,6087d00434ce8181317a2b9b
5c19dd85-3939-475e-a7ba-a5cb5bd65a72,6063bf79cf9dafb599c4cecf
5c19dd85-3939-475e-a7ba-a5cb5bd65a72,60641a5bf9ed665793f60df0
5c19dd85-3939-475e-a7ba-a5cb5bd65a72,606d158ac8f274f8d2ad628d
5c81cef8-44de-4b4f-b2bb-4cae94676f97,6063bf79cf9dafb599c4cecf
5c81cef8-44de-4b4f-b2bb-4cae94676f97,60641a5bf9ed665793f60df0
5c81cef8-44de-4b4f-b2bb-4cae94676f97,606d158ac8f274f8d2ad628d
5c81cef8-44de-4b4f-b2bb-4cae94676f97,606d16724cdee0cde0eefabc
5c81cef8-44de-4b4f-b2bb-4cae94676f97,5fd01b8719c96568d20ac4c5
5c81cef8-44de-4b4f-b2bb-4cae94676f97,606419680a770f2a0d9477db
5c81cef8-44de-4b4f-b2bb-4cae94676f97,606d13ee3402f28e4e934f43
5c81cef8-44de-4b4f-b2bb-4cae94676f97,606d143c74945ce9b0d233b6
5c81cef8-44de-4b4f-b2bb-4cae94676f97,60641a597b27bd6cf7f0e36d
5c81cef8-44de-4b4f-b2bb-4cae94676f97,60641a5ae22a795140b7a823
5c81cef8-44de-4b4f-b2bb-4cae94676f97,6087cf72e1f47ed91fb39562
6a01856d-7a35-4244-bdea-51dac03815f9,6087d00434ce8181317a2b9b
6a01856d-7a35-4244-bdea-51dac03815f9,6063bf79cf9dafb599c4cecf
6a01856d-7a35-4244-bdea-51dac03815f9,60641a5bf9ed665793f60df0
6a01856d-7a35-4244-bdea-51dac03815f9,606d158ac8f274f8d2ad628d
6a01856d-7a35-4244-bdea-51dac03815f9,606d16724cdee0cde0eefabc
6a01856d-7a35-4244-bdea-51dac03815f9,5fd01b8719c96568d20ac4c5
6a01856d-7a35-4244-bdea-51dac03815f9,606419680a770f2a0d9477db
6a01856d-7a35-4244-bdea-51dac03815f9,606d13ee3402f28e4e934f43
6c11d8ae-0673-4139-8796-7bf7450830e1,6087cf72e1f47ed91fb39562
6c11d8ae-0673-4139-8796-7bf7450830e1,6087d00434ce8181317a2b9b
6c11d8ae-0673-4139-8796-7bf7450830e1,6063bf79cf9dafb599c4cecf
6c11d8ae-0673-4139-8796-7bf7450830e1,60641a5bf9ed665793f60df0
6c11d8ae-0673-4139-8796-7bf7450830e1,606d158ac8f274f8d2ad628d
6c11d8ae-0673-4139-8796-7bf7450830e1,606d16724cdee0cde0eefabc
6c11d8ae-0673-4139-8796-7bf7450830e1,5fd01b8719c96568d20ac4c5
6c11d8ae-0673-4139-8796-7bf7450830e1,606419680a770f2a0d9477db
6c11d8ae-0673-4139-8796-7bf7450830e1,606d13ee3402f28e4e934f43
6c11d8ae-0673-4139-8796-7bf7450830e1,606d143c74945ce9b0d233b6
6c11d8ae-0673-4139-8796-7bf7450830e1,60641a597b27bd6cf7f0e36d
6c11d8ae-0673-4139-8796-7bf7450830e1,60641a5ae22a795140b7a823
742ec7c8-f5bc-4b97-8283-cac69ab55d3d,606d143c74945ce9b0d233b6
742ec7c8-f5bc-4b97-8283-cac69ab55d3d,60641a597b27bd6cf7f0e36d
8ba36945-846d-4b08-9594-9d0e4f68d354,606d16724cdee0cde0eefabc
8ba36945-846d-4b08-9594-9d0e4f68d354,5fd01b8719c96568d20ac4c5
8ba36945-846d-4b08-9594-9d0e4f68d354,606419680a770f2a0d9477db
8ba36945-846d-4b08-9594-9d0e4f68d354,606d13ee3402f28e4e934f43
8ba36945-846d-4b08-9594-9d0e4f68d354,606d143c74945ce9b0d233b6
8ba36945-846d-4b08-9594-9d0e4f68d354,60641a597b27bd6cf7f0e36d
8ba36945-846d-4b08-9594-9d0e4f68d354,60641a5ae22a795140b7a823
8ba36945-846d-4b08-9594-9d0e4f68d354,6087cf72e1f47ed91fb39562
8ba36945-846d-4b08-9594-9d0e4f68d354,6087d00434ce8181317a2b9b
8ba36945-846d-4b08-9594-9d0e4f68d354,6063bf79cf9dafb599c4cecf
8ba36945-846d-4b08-9594-9d0e4f68d354,60641a5bf9ed665793f60df0
8ba36945-846d-4b08-9594-9d0e4f68d354,606d158ac8f274f8d2ad628d
8ef0d0d6-e9c5-4085-b995-c44c7b02c1a6,5fd01b8719c96568d20ac4c5
8ef0d0d6-e9c5-4085-b995-c44c7b02c1a6,606419680a770f2a0d9477db
8ef0d0d6-e9c5-4085-b995-c44c7b02c1a6,606d13ee3402f28e4e934f43
8ef0d0d6-e9c5-4085-b995-c44c7b02c1a6,606d143c74945ce9b0d233b6
927fd968-be12-425f-aae3-ecc4506fdbc3,5fd01b8719c96568d20ac4c5
927fd968-be12-425f-aae3-ecc4506fdbc3,606419680a770f2a0d9477db
927fd968-be12-425f-aae3-ecc4506fdbc3,606d13ee3402f28e4e934f43
927fd968-be12-425f-aae3-ecc4506fdbc3,606d143c74945ce9b0d233b6
927fd968-be12-425f-aae3-ecc4506fdbc3,60641a597b27bd6cf7f0e36d
927fd968-be12-425f-aae3-ecc4506fdbc3,60641a5ae22a795140b7a823
927fd968-be12-425f-aae3-ecc4506fdbc3,6087cf72e1f47ed91fb39562
927fd968-be12-425f-aae3-ecc4506fdbc3,6087d00434ce8181317a2b9b
927fd968-be12-425f-aae3-ecc4506fdbc3,6063bf79cf9dafb599c4cecf
927fd968-be12-425f-aae3-ecc4506fdbc3,60641a5bf9ed665793f60df0
96137e87-0fc5-4351-b3c1-fc2a0a45bc08,60641a5bf9ed665793f60df0
96137e87-0fc5-4351-b3c1-fc2a0a45bc08,606d158ac8f274f8d2ad628d
96137e87-0fc5-4351-b3c1-fc2a0a45bc08,606d16724cdee0cde0eefabc
96137e87-0fc5-4351-b3c1-fc2a0a45bc08,5fd01b8719c96568d20ac4c5
96137e87-0fc5-4351-b3c1-fc2a0a45bc08,606419680a770f2a0d9477db
96137e87-0fc5-4351-b3c1-fc2a0a45bc08,606d13ee3402f28e4e934f43
96137e87-0fc5-4351-b3c1-fc2a0a45bc08,606d143c74945ce9b0d233b6
96137e87-0fc5-4351-b3c1-fc2a0a45bc08,60641a597b27bd6cf7f0e36d
98af927f-57dc-4195-8c69-09cb52cd6aaf,606419680a770f2a0d9477db
98af927f-57dc-4195-8c69-09cb52cd6aaf,606d13ee3402f28e4e934f43
98af927f-57dc-4195-8c69-09cb52cd6aaf,606d143c74945ce9b0d233b6
98af927f-57dc-4195-8c69-09cb52cd6aaf,60641a597b27bd6cf7f0e36d
98af927f-57dc-4195-8c69-09cb52cd6aaf,60641a5ae22a795140b7a823
98af927f-57dc-4195-8c69-09cb52cd6aaf,6087cf72e1f47ed91fb39562
98af927f-57dc-4195-8c69-09cb52cd6aaf,6087d00434ce8181317a2b9b
98af927f-57dc-4195-8c69-09cb52cd6aaf,6063bf79cf9dafb599c4cecf
98af927f-57dc-4195-8c69-09cb52cd6aaf,60641a5bf9ed665793f60df0
9c4379cd-bdb9-4f2f-82bc-f8e17a45a20c,60641a5bf9ed665793f60df0
9c4379cd-bdb9-4f2f-82bc-f8e17a45a20c,606d158ac8f274f8d2ad628d
9c4379cd-bdb9-4f2f-82bc-f8e17a45a20c,606d16724cdee0cde0eefabc
9c4379cd-bdb9-4f2f-82bc-f8e17a45a20c,5fd01b8719c96568d20ac4c5
9c4379cd-bdb9-4f2f-82bc-f8e17a45a20c,606419680a770f2a0d9477db
9c4379cd-bdb9-4f2f-82bc-f8e17a45a20c,606d13ee3402f28e4e934f43
9c4379cd-bdb9-4f2f-82bc-f8e17a45a20c,606d143c74945ce9b0d233b6
9c4379cd-bdb9-4f2f-82bc-f8e17a45a20c,60641a597b27bd6cf7f0e36d
9e3c8d13-fa68-41ad-8592-a8ad7069365b,5fd01b8719c96568d20ac4c5
9e3c8d13-fa68-41ad-8592-a8ad7069365b,62aa998d3dd24f61688ae910
9e3c8d13-fa68-41ad-8592-a8ad7069365b,606d13ee3402f28e4e934f43
9e3c8d13-fa68-41ad-8592-a8ad7069365b,606d143c74945ce9b0d233b6
9e3c8d13-fa68-41ad-8592-a8ad7069365b,5fd01b8719c96568d20ac4c5
9e3c8d13-fa68-41ad-8592-a8ad7069365b,606419680a770f2a0d9477db
ab93700a-d791-4ef0-934e-584176cb84e6,606d143c74945ce9b0d233b6
ab93700a-d791-4ef0-934e-584176cb84e6,60641a597b27bd6cf7f0e36d
ab93700a-d791-4ef0-934e-584176cb84e6,60641a5ae22a795140b7a823
ab93700a-d791-4ef0-934e-584176cb84e6,6087cf72e1f47ed91fb39562
ab93700a-d791-4ef0-934e-584176cb84e6,6087d00434ce8181317a2b9b
ab93700a-d791-4ef0-934e-584176cb84e6,6063bf79cf9dafb599c4cecf
ab93700a-d791-4ef0-934e-584176cb84e6,60641a5bf9ed665793f60df0
ab93700a-d791-4ef0-934e-584176cb84e6,606d158ac8f274f8d2ad628d
ab93700a-d791-4ef0-934e-584176cb84e6,606d16724cdee0cde0eefabc
ab93700a-d791-4ef0-934e-584176cb84e6,5fd01b8719c96568d20ac4c5
ab93700a-d791-4ef0-934e-584176cb84e6,606419680a770f2a0d9477db
ab93700a-d791-4ef0-934e-584176cb84e6,606d13ee3402f28e4e934f43
af40f65b-07f1-4b93-b32f-6f6b87fefe73,6087d00434ce8181317a2b9b
af40f65b-07f1-4b93-b32f-6f6b87fefe73,6063bf79cf9dafb599c4cecf
af40f65b-07f1-4b93-b32f-6f6b87fefe73,60641a5bf9ed665793f60df0
af40f65b-07f1-4b93-b32f-6f6b87fefe73,606d158ac8f274f8d2ad628d
af40f65b-07f1-4b93-b32f-6f6b87fefe73,606d16724cdee0cde0eefabc
af40f65b-07f1-4b93-b32f-6f6b87fefe73,5fd01b8719c96568d20ac4c5
af40f65b-07f1-4b93-b32f-6f6b87fefe73,606419680a770f2a0d9477db
af40f65b-07f1-4b93-b32f-6f6b87fefe73,606d13ee3402f28e4e934f43
af40f65b-07f1-4b93-b32f-6f6b87fefe73,606d143c74945ce9b0d233b6
b4609f02-bd6c-4af6-bf35-b54b8959f08e,60641a597b27bd6cf7f0e36d
b4609f02-bd6c-4af6-bf35-b54b8959f08e,60641a5ae22a795140b7a823
b4609f02-bd6c-4af6-bf35-b54b8959f08e,6087cf72e1f47ed91fb39562
b4fe615d-2f9d-4d52-9a71-908d6e1176e9,60641a5bf9ed665793f60df0
b4fe615d-2f9d-4d52-9a71-908d6e1176e9,606d158ac8f274f8d2ad628d
b4fe615d-2f9d-4d52-9a71-908d6e1176e9,606d16724cdee0cde0eefabc
b4fe615d-2f9d-4d52-9a71-908d6e1176e9,5fd01b8719c96568d20ac4c5
b4fe615d-2f9d-4d52-9a71-908d6e1176e9,606419680a770f2a0d9477db
b4fe615d-2f9d-4d52-9a71-908d6e1176e9,606d13ee3402f28e4e934f43
b4fe615d-2f9d-4d52-9a71-908d6e1176e9,606d143c74945ce9b0d233b6
b4fe615d-2f9d-4d52-9a71-908d6e1176e9,60641a597b27bd6cf7f0e36d
b4fe615d-2f9d-4d52-9a71-908d6e1176e9,60641a5ae22a795140b7a823
b4fe615d-2f9d-4d52-9a71-908d6e1176e9,6087cf72e1f47ed91fb39562
b4fe615d-2f9d-4d52-9a71-908d6e1176e9,6087d00434ce8181317a2b9b
bb964089-d07b-47ab-8a41-9d9c73afd501,606d13ee3402f28e4e934f43
bb964089-d07b-47ab-8a41-9d9c73afd501,606d143c74945ce9b0d233b6
bb964089-d07b-47ab-8a41-9d9c73afd501,60641a597b27bd6cf7f0e36d
bb964089-d07b-47ab-8a41-9d9c73afd501,60641a5ae22a795140b7a823
bb964089-d07b-47ab-8a41-9d9c73afd501,6087cf72e1f47ed91fb39562
bb964089-d07b-47ab-8a41-9d9c73afd501,6087d00434ce8181317a2b9b
bb964089-d07b-47ab-8a41-9d9c73afd501,6063bf79cf9dafb599c4cecf
bf418248-e6bb-4966-a3c9-54ebcaf436b2,606d13ee3402f28e4e934f43
bf418248-e6bb-4966-a3c9-54ebcaf436b2,606d143c74945ce9b0d233b6
bf418248-e6bb-4966-a3c9-54ebcaf436b2,60641a597b27bd6cf7f0e36d
bf418248-e6bb-4966-a3c9-54ebcaf436b2,60641a5ae22a795140b7a823
bf418248-e6bb-4966-a3c9-54ebcaf436b2,6087cf72e1f47ed91fb39562
bf418248-e6bb-4966-a3c9-54ebcaf436b2,6087d00434ce8181317a2b9b
bf418248-e6bb-4966-a3c9-54ebcaf436b2,6063bf79cf9dafb599c4cecf
bf418248-e6bb-4966-a3c9-54ebcaf436b2,60641a5bf9ed665793f60df0
bf418248-e6bb-4966-a3c9-54ebcaf436b2,606d158ac8f274f8d2ad628d
bf418248-e6bb-4966-a3c9-54ebcaf436b2,606d16724cdee0cde0eefabc
bf418248-e6bb-4966-a3c9-54ebcaf436b2,5fd01b8719c96568d20ac4c5
bf433f89-3e21-4668-bc10-7ecb96b6c657,606419680a770f2a0d9477db
bf433f89-3e21-4668-bc10-7ecb96b6c657,606d13ee3402f28e4e934f43
bf433f89-3e21-4668-bc10-7ecb96b6c657,606d143c74945ce9b0d233b6
c04d2b27-c9c1-4022-8d86-ed8927c69dc2,60641a5bf9ed665793f60df0
c04d2b27-c9c1-4022-8d86-ed8927c69dc2,606d158ac8f274f8d2ad628d
c04d2b27-c9c1-4022-8d86-ed8927c69dc2,606d16724cdee0cde0eefabc
c04d2b27-c9c1-4022-8d86-ed8927c69dc2,5fd01b8719c96568d20ac4c5
c04d2b27-c9c1-4022-8d86-ed8927c69dc2,606419680a770f2a0d9477db
c04d2b27-c9c1-4022-8d86-ed8927c69dc2,606d13ee3402f28e4e934f43
cbedc358-d8b0-43a7-9e11-1ee5d658028a,60641a597b27bd6cf7f0e36d
cbedc358-d8b0-43a7-9e11-1ee5d658028a,60641a5ae22a795140b7a823
cbedc358-d8b0-43a7-9e11-1ee5d658028a,6087cf72e1f47ed91fb39562
cbedc358-d8b0-43a7-9e11-1ee5d658028a,6087d00434ce8181317a2b9b
d680efb1-8629-4365-ae06-4c0fc9dea252,6063bf79cf9dafb599c4cecf
d680efb1-8629-4365-ae06-4c0fc9dea252,60641a5bf9ed665793f60df0
d680efb1-8629-4365-ae06-4c0fc9dea252,606d158ac8f274f8d2ad628d
d680efb1-8629-4365-ae06-4c0fc9dea252,606d16724cdee0cde0eefabc
d680efb1-8629-4365-ae06-4c0fc9dea252,5fd01b8719c96568d20ac4c5
d680efb1-8629-4365-ae06-4c0fc9dea252,606419680a770f2a0d9477db
d680efb1-8629-4365-ae06-4c0fc9dea252,606d13ee3402f28e4e934f43
d680efb1-8629-4365-ae06-4c0fc9dea252,606d143c74945ce9b0d233b6
d680efb1-8629-4365-ae06-4c0fc9dea252,60641a597b27bd6cf7f0e36d
db49451c-20e4-4432-90a7-6e9fc5cbe251,606d16724cdee0cde0eefabc
db49451c-20e4-4432-90a7-6e9fc5cbe251,5fd01b8719c96568d20ac4c5
db49451c-20e4-4432-90a7-6e9fc5cbe251,606419680a770f2a0d9477db
db49451c-20e4-4432-90a7-6e9fc5cbe251,606d13ee3402f28e4e934f43
db49451c-20e4-4432-90a7-6e9fc5cbe251,606d143c74945ce9b0d233b6
db49451c-20e4-4432-90a7-6e9fc5cbe251,60641a597b27bd6cf7f0e36d
db49451c-20e4-4432-90a7-6e9fc5cbe251,60641a5ae22a795140b7a823
db49451c-20e4-4432-90a7-6e9fc5cbe251,6087cf72e1f47ed91fb39562
db49451c-20e4-4432-90a7-6e9fc5cbe251,6087d00434ce8181317a2b9b
db49451c-20e4-4432-90a7-6e9fc5cbe251,6063bf79cf9dafb599c4cecf
db49451c-20e4-4432-90a7-6e9fc5cbe251,60641a5bf9ed665793f60df0
e06b6dfe-5818-4ab8-bf7f-c78481e81275,6087cf72e1f47ed91fb39562
e06b6dfe-5818-4ab8-bf7f-c78481e81275,6087d00434ce8181317a2b9b
e06b6dfe-5818-4ab8-bf7f-c78481e81275,6063bf79cf9dafb599c4cecf
e06b6dfe-5818-4ab8-bf7f-c78481e81275,60641a5bf9ed665793f60df0
e06b6dfe-5818-4ab8-bf7f-c78481e81275,606d158ac8f274f8d2ad628d
e06b6dfe-5818-4ab8-bf7f-c78481e81275,606d16724cdee0cde0eefabc
e06b6dfe-5818-4ab8-bf7f-c78481e81275,5fd01b8719c96568d20ac4c5
e06b6dfe-5818-4ab8-bf7f-c78481e81275,606419680a770f2a0d9477db
e06b6dfe-5818-4ab8-bf7f-c78481e81275,606d13ee3402f28e4e934f43
e06b6dfe-5818-4ab8-bf7f-c78481e81275,606d143c74945ce9b0d233b6
e06b6dfe-5818-4ab8-bf7f-c78481e81275,60641a597b27bd6cf7f0e36d
e9c74512-0244-42cf-b307-1819cbdf5eb6,606d13ee3402f28e4e934f43
e9c74512-0244-42cf-b307-1819cbdf5eb6,606d143c74945ce9b0d233b6
e9c74512-0244-42cf-b307-1819cbdf5eb6,60641a597b27bd6cf7f0e36d
ef842685-490b-4701-9e3a-99b88c86244c,606419680a770f2a0d9477db
ef842685-490b-4701-9e3a-99b88c86244c,606d13ee3402f28e4e934f43
ef842685-490b-4701-9e3a-99b88c86244c,606d143c74945ce9b0d233b6
f18ecd97-8b18-4277-b525-8a5987a3c14d,606d13ee3402f28e4e934f43
f18ecd97-8b18-4277-b525-8a5987a3c14d,606d143c74945ce9b0d233b6
f18ecd97-8b18-4277-b525-8a5987a3c14d,60641a597b27bd6cf7f0e36d
f18ecd97-8b18-4277-b525-8a5987a3c14d,60641a5ae22a795140b7a823
f18ecd97-8b18-4277-b525-8a5987a3c14d,6087cf72e1f47ed91fb39562
f18ecd97-8b18-4277-b525-8a5987a3c14d,6087d00434ce8181317a2b9b
f18ecd97-8b18-4277-b525-8a5987a3c14d,6063bf79cf9dafb599c4cecf
f18ecd97-8b18-4277-b525-8a5987a3c14d,60641a5bf9ed665793f60df0
f18ecd97-8b18-4277-b525-8a5987a3c14d,606d158ac8f274f8d2ad628d
f18ecd97-8b18-4277-b525-8a5987a3c14d,606d16724cdee0cde0eefabc
f18ecd97-8b18-4277-b525-8a5987a3c14d,5fd01b8719c96568d20ac4c5
f18ecd97-8b18-4277-b525-8a5987a3c14d,606419680a770f2a0d9477db
f9d329ed-7a9f-4300-8311-8a1b73c8cc2b,5fd01b8719c96568d20ac4c5
f9d329ed-7a9f-4300-8311-8a1b73c8cc2b,606419680a770f2a0d9477db
f9d329ed-7a9f-4300-8311-8a1b73c8cc2b,606d13ee3402f28e4e934f43
f9d329ed-7a9f-4300-8311-8a1b73c8cc2b,606d143c74945ce9b0d233b6
f9d329ed-7a9f-4300-8311-8a1b73c8cc2b,60641a597b27bd6cf7f0e36d
f9d329ed-7a9f-4300-8311-8a1b73c8cc2b,60641a5ae22a795140b7a823
f9d329ed-7a9f-4300-8311-8a1b73c8cc2b,6087cf72e1f47ed91fb39562
f9d329ed-7a9f-4300-8311-8a1b73c8cc2b,6087d00434ce8181317a2b9b
f9d329ed-7a9f-4300-8311-8a1b73c8cc2b,6063bf79cf9dafb599c4cecf
f9d329ed-7a9f-4300-8311-8a1b73c8cc2b,60641a5bf9ed665793f60df0
f9d329ed-7a9f-4300-8311-8a1b73c8cc2b,606d158ac8f274f8d2ad628d
